date,adjusted_close,volume,Chaikin A/D,ADX,ATR,CCI,EMA,MACD,MACD_Hist,MACD_Signal,OBV,ROC,RSI,SAR,SlowD,SlowK,MFI,ADOSC,WILLR,ULTOSC,BOP,symbol
2/2/2015,168.4856353,163106969,25426872651,19.9664,2.564,-63.3266,169.1383,-0.4924,-0.1907,-0.3017,14904092109,0.1438,47.9233,170.5923,32.9397,34.5723,40.671,37290928.17,-51.6667,50.8435,0.4484,SPY
2/3/2015,170.9221352,124212881,25550005420,19.4378,2.5555,76.6399,169.3082,-0.2855,0.013,-0.2985,15028304990,1.3758,53.7401,165.0979,35.8228,47.7006,48.1057,84823289.13,-16.9048,57.3854,0.8,SPY
2/4/2015,170.2712893,134306728,25494702650,18.7114,2.4844,73.7922,169.3999,-0.172,0.1012,-0.2732,14893998262,0.4826,52.0671,165.0979,50.2285,68.4127,55.7572,78960801.77,-26.1905,54.0801,0.0749,SPY
2/5/2015,171.9901899,97953181,25569608024,17.6317,2.4405,110.906,169.6466,0.056,0.2634,-0.2073,14991951443,0.0097,55.966,165.3489,67.0124,84.924,62.6701,93217784.77,-2.1327,60.6709,0.8235,SPY
2/6/2015,171.5145718,125672026,25512188908,16.5153,2.4044,99.7223,169.8245,0.1961,0.3227,-0.1266,14866279417,0.283,54.6416,165.7564,79.2967,84.5533,61.1061,72306124.33,-18.0171,63.9187,-0.4353,SPY
2/9/2015,170.7469074,87219016,25481952983,15.5283,2.3221,50.8928,169.9124,0.2423,0.2952,-0.0528,14779060401,-0.3991,52.4828,166.3299,84.4952,84.0084,55.6541,47557548.35,-27.8252,58.9746,-0.0933,SPY
2/10/2015,172.5659382,96164183,25553682005,14.8576,2.3046,91.7697,170.1651,0.4209,0.379,0.0419,14875224584,2.0075,56.8347,166.8574,83.9176,83.1912,55.0674,55932587.97,-4.5842,66.5058,0.3811,SPY
2/11/2015,172.6660683,91087785,25586293681,14.3705,2.2366,101.4156,170.4033,0.564,0.4177,0.1463,14966312369,3.3926,57.0678,167.3428,84.863,87.3894,52.9972,64650402.22,-5.4223,61.63,0.1975,SPY
2/12/2015,174.3265597,97545949,25677079019,14.5247,2.1996,137.6777,170.7769,0.8022,0.5247,0.2775,15063858318,3.4309,60.8439,167.9185,89.0118,96.4548,52.5041,91225715.61,-0.6289,61.4483,0.5099,SPY
2/13/2015,175.0441589,93670430,25760341624,14.9781,2.1068,144.8003,171.1833,1.0369,0.6075,0.4294,15157528748,5.1792,62.3837,168.6945,93.8868,97.816,57.7897,120296834.7,-0.5008,65.8857,0.6574,SPY
2/17/2015,175.3195168,76968199,25810812574,15.5724,2.0291,129.1978,171.5773,1.2309,0.6412,0.5897,15234496947,4.0561,62.9853,169.5905,97.7775,99.0616,64.1804,137312428.1,-1.6854,65.8956,0.582,SPY
2/18/2015,175.3362052,80652941,25874968323,16.1243,1.9366,113.7599,171.9353,1.3702,0.6244,0.7458,15315149888,2.5825,63.0238,170.5352,98.5469,98.763,72.4801,152203597.3,-1.5249,74.3996,0.5341,SPY
2/19/2015,175.2110425,91462491,25898221498,16.7167,1.8686,100.7316,172.2472,1.4538,0.5664,0.8874,15223687397,2.9011,62.4976,171.3287,98.5289,97.7622,76.0359,151857486.3,-3.5032,76.0789,0.4831,SPY
2/20/2015,176.2624089,140896392,26029363525,17.6274,1.8901,100.2565,172.6296,1.5865,0.5593,1.0272,15364583789,2.484,65.1316,172.0936,98.2088,98.1013,88.0427,179637677.9,-0.6682,80.2713,0.6769,SPY
2/23/2015,176.2373763,74411054,26103774579,18.473,1.8004,101.0466,172.9732,1.6705,0.5146,1.1559,15290172735,2.7536,65.0145,172.9424,98.0058,98.154,87.3478,198347848.1,-1.3667,81.9098,0.3699,SPY
2/24/2015,176.738027,72472263,26149280418,19.5943,1.7487,104.5128,173.3318,1.7571,0.481,1.2761,15362644998,3.5088,66.3186,173.6214,98.2134,98.3849,86.8997,202449516.9,-2.8103,79.9387,0.5349,SPY
2/25/2015,176.5878318,73061687,26134954597,20.7108,1.6845,98.3931,173.6419,1.793,0.4135,1.3795,15289583311,2.3306,65.5294,174.2848,97.5454,96.0974,86.3207,181164755,-7.5309,76.9371,-0.0294,SPY
2/26/2015,176.3792274,72697868,26162387755,21.273,1.6274,76.0937,173.9026,1.7841,0.3237,1.4604,15216885443,2.1505,64.3835,174.8472,95.832,93.0138,80.3033,164716561.2,-10.6173,75.7979,-0.1321,SPY
2/27/2015,175.7784466,108075972,26067545575,21.7526,1.5696,60.8986,174.0812,1.7088,0.1987,1.5101,15108809471,0.8329,61.0711,175.2971,92.1866,87.4486,71.4056,112836464.7,-19.5062,70.8393,-0.6122,SPY
3/2/2015,176.8882222,87491428,26145896108,22.4324,1.5409,86.6225,174.3486,1.7189,0.167,1.5519,15196300899,1.0535,64.6854,175.6571,89.773,88.8566,78.2502,106284643.4,-3.3069,74.951,0.903,SPY
3/3/2015,176.1622787,110325809,26152056432,22.4876,1.5482,51.7722,174.5213,1.6493,0.078,1.5714,15085975090,0.4807,60.7145,177.0968,87.6255,86.5714,69.8145,95902215.7,-17.4727,66.9906,-0.1777,SPY
3/4/2015,175.4196469,114497192,26224918282,21.6995,1.5604,-46.0453,174.6069,1.5167,-0.0437,1.5604,14971477898,0.0476,56.8684,177.0608,85.2627,80.36,61.566,106119791.4,-38.1404,64.0326,-0.1189,SPY
3/5/2015,175.6115689,76873000,26246766871,21.1591,1.5056,-26.6374,174.7025,1.4109,-0.1196,1.5305,15048350898,0.2286,57.6157,176.9561,77.1632,64.5583,60.9718,107604278.9,-50.7121,61.9004,-0.1684,SPY
3/6/2015,173.1416864,188127982,26103431266,20.467,1.5983,-198.2424,174.5539,1.1149,-0.3325,1.4474,14860222916,-1.7705,46.4602,176.8556,61.5205,39.6432,50.0064,52822578.53,-92.2179,51.76,-0.881,SPY
3/9/2015,173.8592857,89818893,26130956410,19.8243,1.561,-171.9827,174.4877,0.9275,-0.4159,1.3434,14950041809,-1.3494,49.5185,176.6127,43.7987,27.1946,44.0038,34367830.9,-75.4864,51.9545,0.5,SPY
3/10/2015,171.0389537,157121263,25982192661,20.4837,1.654,-244.7634,174.1593,0.5451,-0.6386,1.1838,14792920546,-3.2246,39.8775,176.3844,25.9437,10.9932,36.2537,-23640106.99,-99.316,44.8426,-0.9202,SPY
3/11/2015,170.6384331,110145718,25892073438,21.3061,1.6014,-191.3994,173.824,0.2074,-0.7811,0.9885,14682774828,-3.3691,38.7244,175.9535,15.6707,8.8244,35.8593,-73895824.89,-98.7245,39.1507,-0.7182,SPY
3/12/2015,172.8079193,93993523,25978471524,20.9004,1.6467,-99.9194,173.7272,0.1135,-0.7,0.8135,14776768351,-2.0248,47.5681,175.4136,10.6501,12.1328,33.6613,-60246879.6,-65.5612,45.0859,0.9293,SPY
3/13/2015,171.7482088,162410893,25937262790,20.0589,1.7288,-92.4751,173.5387,-0.0459,-0.6875,0.6416,14614357458,-2.2928,44.2115,174.9277,12.9806,17.9847,26.813,-62298101.04,-81.7602,42.1614,-0.2806,SPY
3/16/2015,174.0428576,136099192,26062781833,18.8265,1.7757,-36.4995,173.5867,0.0127,-0.5031,0.5158,14750456650,-1.6086,52.0943,174.4905,21.8164,35.3316,29.6864,-17535896.09,-46.6837,47.7312,0.6608,SPY
3/17/2015,173.5255186,94510422,26096910597,17.6822,1.7443,-27.4079,173.5809,0.0173,-0.3988,0.4161,14655946228,-1.4968,50.3664,174.1346,30.8867,39.3438,30.5653,13229239.42,-53.5248,52.9576,0.1875,SPY
3/18/2015,175.611563,228808524,26246005183,17.695,1.8968,36.6612,173.7743,0.1871,-0.1832,0.3703,14884754752,0.1094,56.6153,170.555,44.77,59.6346,40.9316,72051505.19,-20.8877,57.758,0.6602,SPY
3/19/2015,174.810522,117917302,26205061676,17.707,1.8472,51.0215,173.873,0.2541,-0.093,0.3471,14766837450,-0.4561,53.8135,170.6696,54.3447,64.0557,47.4322,76537542.83,-33.4204,63.148,-0.3194,SPY
3/20/2015,176.3465265,177715081,26241069306,18.3531,1.8615,115.5586,174.1086,0.4262,0.0633,0.3629,14944552531,1.851,58.0958,170.782,67.4991,78.8071,50.0152,82871755.04,-9.2705,65.7709,0.4575,SPY
3/23/2015,176.0029018,71784536,26169284770,18.99,1.7949,116.3491,174.289,0.5288,0.1327,0.3961,14872767995,1.233,56.8265,171.025,74.5902,80.9079,55.0874,55088693.58,-14.5856,60.0867,-0.3784,SPY
3/24/2015,175.0139331,77805321,26098978757,18.7076,1.7661,72.6223,174.358,0.5242,0.1025,0.4217,14794962674,2.324,53.2222,171.3795,80.5775,82.0176,56.2261,16344737.62,-30.091,58.6523,-0.6205,SPY
3/25/2015,172.4493194,159521708,25943839514,17.9349,1.8579,-14.5722,174.1762,0.3101,-0.0893,0.3994,14635440966,1.0612,45.2134,171.7127,74.8666,61.6744,49.6039,-50353434.34,-70.3,45.2747,-0.9093,SPY
3/26/2015,172.038646,153067241,25947241008,17.8833,1.8599,-74.0798,173.9727,0.1061,-0.2347,0.3407,14482373725,-0.4452,44.0699,176.9332,61.5496,40.9568,50.5992,-71979171.59,-76.7387,45.822,0.1378,SPY
3/27/2015,172.4325572,118938966,26018604388,17.8354,1.7899,-55.9761,173.826,-0.0236,-0.2915,0.2679,14601312691,0.3985,45.4939,176.816,43.3658,27.4662,56.1842,-51575973.17,-70.5628,39.8304,0.581,SPY
3/30/2015,174.536211,96180400,26072814890,16.7063,1.8338,27.8969,173.8936,0.0429,-0.18,0.2229,14697493091,0.2835,52.4561,176.7012,35.5985,38.3725,63.3819,-21291689.35,-37.5809,48.3769,0.7697,SPY
3/31/2015,173.0108525,126768703,25956245967,15.6476,1.816,-21.8183,173.8095,-0.0272,-0.2,0.1729,14570724388,-0.2966,47.6985,176.5887,36.2659,42.959,62.7459,-44057167.67,-62.9791,41.6809,-0.477,SPY
4/1/2015,172.3990329,137303584,25989141618,15.4561,1.8012,-84.6189,173.6752,-0.1306,-0.2427,0.1122,14433420804,-1.8293,45.9003,176.4784,41.1813,42.2124,56.284,-38898322.99,-72.8028,44.0381,-0.3802,SPY
4/2/2015,173.0192336,86900906,26016641904,14.9966,1.7671,-58.256,173.6127,-0.1606,-0.2182,0.0576,14520321710,-1.0247,48.0388,176.3703,39.2136,32.4694,63.4708,-24501584.13,-66.8097,48.3916,0.519,SPY
4/6/2015,174.1842052,114368155,26087239531,13.9918,1.8349,-18.4167,173.6672,-0.0894,-0.1176,0.0282,14634689865,-1.2262,51.8861,176.2644,37.501,37.8211,63.026,6078288.773,-46.9242,58.8537,0.429,SPY
4/7/2015,173.7232452,81236337,26010278790,13.2024,1.7948,6.9183,173.6725,-0.0693,-0.078,0.0087,14553453528,-1.2952,50.2991,176.1606,38.0384,43.8245,62.7536,-6451843.211,-54.7926,55.2613,-0.3816,SPY
4/8/2015,174.3099215,89351939,26033397824,12.3874,1.7522,14.4123,173.7332,-0.006,-0.0118,0.0058,14642805467,-0.4023,52.2988,176.0589,44.2713,51.1683,59.5018,-3635219.087,-44.7783,53.2691,0.3007,SPY
4/9/2015,175.0809819,85548854,26094872628,11.9668,1.7462,44.7196,173.8616,0.1051,0.0795,0.0256,14728354321,1.526,54.8689,175.9592,50.4212,56.2709,58.6616,17407675.81,-31.6166,53.3039,0.5628,SPY
4/10/2015,176.0364262,72722915,26161159887,12.0137,1.6927,115.7154,174.0687,0.2673,0.1933,0.074,14801077236,2.3238,57.8962,171.0748,58.9572,69.4325,55.6616,45525017.36,-15.3076,59.6885,0.7434,SPY
4/13/2015,175.2402226,74436594,26092306038,12.3081,1.6676,117.9446,174.1803,0.3277,0.203,0.1247,14726640642,1.6283,54.6089,171.1749,67.3922,76.4733,50.6253,30980885.23,-23.6559,55.15,-0.4875,SPY
4/14/2015,175.5754662,75099866,26146881717,12.0061,1.6449,93.3493,174.3131,0.3981,0.2187,0.1794,14801740508,0.5954,55.7482,171.3891,75.6936,81.175,50.7221,39579557.66,-17.5115,58.1376,0.3975,SPY
4/15/2015,176.3632887,99529320,26135011247,12.3594,1.6202,138.9871,174.5084,0.5115,0.2657,0.2458,14901269828,1.9377,58.3912,171.5948,80.3292,83.3392,59.9688,35722087.25,-8.815,57.0892,0.3486,SPY
4/16/2015,176.3130022,68934864,26133273394,12.5842,1.5757,116.1919,174.6803,0.5906,0.2758,0.3148,14832334964,2.2703,58.1525,171.9116,84.1062,87.8044,63.6466,30343615.24,-10.2603,61.4263,0.2857,SPY
4/17/2015,174.2847783,191113230,26104003800,12.1263,1.6643,-9.4123,174.6426,0.484,0.1354,0.3486,14641221734,0.7314,49.382,172.2094,83.0039,77.8682,51.9008,16071768.2,-47.3201,54.3579,-0.4459,SPY
4/20/2015,175.8771855,92189481,26139021510,11.3428,1.6831,70.1537,174.7602,0.522,0.1387,0.3833,14733411215,0.9719,55.1068,172.4893,80.1349,74.732,51.79,19914214.06,-18.2236,54.7306,0.6124,SPY
4/21/2015,175.6676582,72559831,26098710492,10.9159,1.6598,70.2757,174.8466,0.5291,0.1166,0.4124,14660851384,1.1193,54.2376,172.7524,74.4672,70.8014,59.2799,6849507.885,-22.0521,50.8256,-0.6605,SPY
4/22/2015,176.5309105,78264616,26159315400,10.3319,1.658,73.7666,175.007,0.5975,0.148,0.4494,14739116000,1.2742,57.2308,172.9997,76.588,84.2306,68.0319,20165552.57,-7.0326,57.6264,0.3179,SPY
4/23/2015,176.9751083,102585942,26178982135,10.3399,1.6551,119.8532,175.1945,0.6797,0.1842,0.4955,14841701942,1.0819,58.7267,173.2322,80.4913,86.4418,68.4705,30037390.84,-11.5899,55.9459,0.5233,SPY
4/24/2015,177.3857818,61327387,26194670537,10.3624,1.5884,144.9437,175.4032,0.7691,0.2189,0.5502,14903029329,0.7665,60.1157,173.5839,87.4381,91.642,67.1743,36336962.3,-6.4516,54.75,-0.0116,SPY
4/27/2015,176.6482458,79358126,26134129286,10.0217,1.5911,110.7991,175.5217,0.7716,0.1771,0.5945,14823671203,0.8035,56.442,173.9909,87.2165,83.5657,60.7259,16347574.26,-31.2614,51.3545,-0.8041,SPY
4/28/2015,177.2097789,86863531,26216189304,9.6204,1.6073,62.8833,175.6825,0.8095,0.172,0.6375,14910534734,0.9308,58.5204,174.4818,85.433,81.0914,53.6529,32793959.87,-19.0128,59.9954,0.3226,SPY
4/29/2015,176.480624,125684903,26223020005,9.2477,1.6027,36.036,175.7585,0.7719,0.1075,0.6644,14784849831,0.0665,54.8599,174.9138,78.7533,71.6027,45.301,38714162.58,-34.9177,56.3549,-0.4728,SPY
4/30/2015,174.7122139,161304890,26160979662,9.9415,1.6648,-110.5987,175.6589,0.5925,-0.0575,0.65,14623544941,-0.9079,47.156,178.0814,70.0733,57.5259,37.0885,17876485.45,-73.4918,53.4597,-0.5201,SPY
5/1/2015,176.6063403,103399711,26257439796,10.3001,1.6842,10.5159,175.7491,0.5963,-0.043,0.6393,14726944652,1.3321,54.5225,177.9999,60.7556,53.1383,43.7199,38418706.65,-32.1755,57.1386,0.8859,SPY
5/4/2015,177.1092058,70927235,26220434282,9.8343,1.6417,108.731,175.8786,0.6326,-0.0053,0.6379,14797871887,0.7005,56.2656,177.9201,56.1243,57.7087,48.9477,31555251.2,-21.2066,55.8902,0.0978,SPY
5/5/2015,175.0809819,113326156,26121222006,10.5407,1.6879,-49.6612,175.8027,0.492,-0.1167,0.6087,14684545731,-0.334,48.2352,177.8419,57.079,60.39,41.3952,-5688727.518,-65.4479,49.2737,-0.7802,SPY
5/6/2015,174.3602081,135060151,26095232513,11.9373,1.7571,-139.6066,175.6653,0.3188,-0.232,0.5507,14549485580,-1.2296,45.737,177.7652,54.4466,45.241,39.5717,-28677127.65,-77.6224,50.5253,-0.4795,SPY
5/7/2015,175.0558386,88244940,26135085067,13.2342,1.7429,-122.0472,175.6072,0.2349,-0.2527,0.4876,14637730520,-1.0845,48.5088,177.5861,45.6346,31.2726,48.9012,-22794103.61,-63.1119,49.5418,0.5108,SPY
5/8/2015,177.3606385,155877260,26221683544,12.964,1.7974,86.6988,175.7742,0.3504,-0.1097,0.4601,14793607780,-0.0142,56.4469,173.2874,41.5302,48.0769,51.2102,9238840.397,-15.035,54.171,0.6852,SPY
5/11/2015,176.5141483,75708065,26155922524,12.8269,1.751,48.9086,175.8447,0.3694,-0.0726,0.442,14717899715,-0.0759,53.2028,173.3729,47.4677,63.0536,46.0452,579371.1004,-32.6923,54.4641,-0.7007,SPY
5/12/2015,175.9861396,119727592,26198214360,13.4726,1.7463,-40.7456,175.8582,0.3379,-0.0833,0.4212,14598172123,-0.6905,51.2252,173.5415,60.2176,69.5221,39.4724,10440684.1,-43.7063,51.3712,0.1841,SPY
5/13/2015,176.019664,94667943,26139366720,13.7319,1.7102,4.6233,175.8736,0.312,-0.0873,0.3993,14692840066,-0.2612,51.3489,173.7033,64.258,60.1981,39.1321,-5198544.668,-43.007,49.0728,-0.3041,SPY
5/14/2015,177.8551228,95934006,26220332300,13.3639,1.7257,112.5634,176.0623,0.4346,0.0282,0.4064,14788774072,1.7989,57.6754,173.8586,66.4141,69.5221,40.5445,14637959.29,-4.7203,58.3111,0.6879,SPY
5/15/2015,178.0478879,76510099,26262157821,12.8652,1.6473,133.1543,176.2514,0.5411,0.1078,0.4333,14865284171,0.8162,58.2889,174.104,70.9475,83.1222,45.7517,34730289.41,-2.906,63.0438,0,SPY
5/18/2015,178.6010399,74549685,26300635077,11.9761,1.6039,140.6844,176.4752,0.6625,0.1833,0.4792,14939833856,0.8423,60.0772,174.4309,82.8654,95.9519,51.1685,52035343.48,-4.5181,62.4795,0.6935,SPY
5/19/2015,178.5423723,72114610,26284245393,11.1828,1.542,122.4282,176.672,0.7454,0.213,0.5324,14867719246,1.977,59.7844,174.873,91.3188,94.8821,58.1258,49169298.53,-7.9295,56.5545,-0.2386,SPY
5/20/2015,178.4166559,76857530,26253022022,10.5649,1.5085,105.5161,176.8382,0.7918,0.2075,0.5843,14790861716,2.3265,59.1196,175.3677,94.1371,91.5773,61.6536,33592180.23,-12.8205,58.8094,-0.2109,SPY
5/21/2015,178.9362835,64764585,26291671855,9.9912,1.475,98.9892,177.038,0.8606,0.221,0.6396,14855626301,2.2167,61.0477,175.9001,92.7377,91.7538,60.5568,36463562.31,-3.9886,58.972,0.6371,SPY
5/22/2015,178.5088479,57433495,26248824644,9.4584,1.4073,81.9907,177.1781,0.8706,0.1848,0.6858,14798192806,0.6474,58.5994,176.358,91.3256,90.6458,55.7005,20690145.96,-11.2536,60.8265,-0.0794,SPY
5/26/2015,176.5895782,124308584,26170386386,10.1607,1.4738,-8.348,177.122,0.7154,0.0237,0.6917,14673884222,0.0427,49.0809,179.171,87.5647,80.2944,55.1981,-12601165.12,-43.8746,47.8147,-0.6273,SPY
5/27/2015,178.2657963,93213981,26240086931,10.7626,1.5051,25.1327,177.231,0.7194,0.0221,0.6972,14767098203,1.2954,55.8291,179.1109,82.2711,75.8731,64.2754,-2897331.438,-17.2524,53.7241,0.6532,SPY
5/28/2015,178.0646501,74974560,26294755881,11.3215,1.4616,18.4462,177.3104,0.6982,0.0008,0.6974,14692123643,1.1618,54.8891,179.0521,75.7549,71.0972,63.9404,18730478.38,-25.5814,53.8431,0.1354,SPY
5/29/2015,176.9583461,124919611,26219493755,12.2662,1.4554,-38.5814,177.2768,0.5855,-0.0896,0.675,14567204032,-0.5042,49.9112,178.9945,71.8794,68.6678,52.8561,1928407.946,-51.1628,49.1821,-0.7702,SPY
6/1/2015,177.318733,93338750,26229261763,13.2463,1.4544,-39.6016,177.2808,0.5192,-0.1247,0.6439,14660542782,-0.4095,51.4557,178.938,66.6357,60.1421,59.5963,-2012473.361,-42.8295,52.0756,-0.2151,SPY
6/2/2015,177.1427301,91531012,26241656588,14.3401,1.4655,-78.0319,177.2677,0.4473,-0.1572,0.6046,14569011770,-0.8165,50.6345,178.8827,59.1707,48.7023,60.9322,502107.8546,-59.901,50.4691,0.1771,SPY
6/3/2015,177.6120712,87820909,26231170509,14.9076,1.441,-29.5467,177.3005,0.4233,-0.145,0.5683,14656832679,-0.5211,52.7977,178.8284,52.4275,48.4381,60.7347,-1851325.581,-51.9553,51.6837,-0.0597,SPY
6/4/2015,176.111856,151882820,26133994297,16.2532,1.468,-150.8604,177.1873,0.2801,-0.2306,0.5107,14504949859,-1.2918,45.8774,178.7753,43.2216,32.5243,50.5076,-33565495.25,-90.5707,49.9477,-0.4455,SPY
6/5/2015,175.8101367,121704676,26132472989,17.8426,1.4589,-171.5427,177.0561,0.1405,-0.2961,0.4366,14383245183,-1.7471,44.611,178.656,35.2022,24.6441,42.9567,-43972117.78,-83.5417,45.5856,-0.1125,SPY
6/8/2015,174.6786895,89063330,26047146582,19.5644,1.4403,-185.5482,176.8297,-0.0606,-0.3978,0.3372,14294181853,-2.1456,40.1365,178.4455,21.9944,8.8147,36.8688,-71381218.54,-99.4434,39.1891,-0.8531,SPY
6/9/2015,174.7038328,105034690,26055340778,21.4398,1.4218,-172.9282,176.6272,-0.2155,-0.4422,0.2266,14399216543,-1.0679,40.2799,178.1422,14.4301,9.8315,30.6655,-73497586.72,-87.5205,42.0069,0,SPY
6/10/2015,176.8074865,134551285,26132500519,21.1847,1.4975,-37.6564,176.6444,-0.1667,-0.3146,0.148,14533767828,-0.8181,50.8783,177.7346,13.6595,22.3322,38.9295,-43130948.03,-46.0396,48.9059,0.7536,SPY
6/11/2015,177.3857818,73876447,26133330592,20.4655,1.4582,38.4457,176.715,-0.0803,-0.1826,0.1023,14607644275,-0.3812,53.3303,174.0669,25.6248,44.7107,39.3006,-26523122.96,-32.3077,48.2353,0.191,SPY
6/12/2015,175.9442342,135382369,26035554436,20.5671,1.4719,-35.2547,176.6416,-0.1267,-0.1833,0.0565,14472261906,-0.5731,47.0284,174.1406,40.5695,54.6656,37.2844,-48428414.61,-57.656,44.6158,-0.3944,SPY
6/15/2015,175.2486037,124384184,26107487458,21.4405,1.4949,-119.3674,176.5089,-0.2172,-0.2189,0.0018,14347877722,-1.1675,44.3076,177.7545,48.3133,45.5635,37.319,-30099307.39,-73.3459,50.5761,0.2771,SPY
6/16/2015,176.2124291,85308227,26182328418,21.6177,1.4857,-48.7082,176.4807,-0.2087,-0.1683,-0.0403,14433185949,-0.5252,48.7333,177.6825,46.7879,40.1346,36.9442,3948297.11,-48.5944,53.9976,0.8098,SPY
6/17/2015,176.4973862,126708635,26214652050,21.1452,1.4969,2.7185,176.4823,-0.1769,-0.1093,-0.0676,14559894584,-0.6276,49.9984,177.6118,43.7096,45.4309,39.0295,27802718.29,-41.7671,57.8077,0,SPY
6/18/2015,178.2741774,165867949,26303400583,19.7048,1.5546,124.7505,176.6529,-0.0082,0.0475,-0.0557,14725762533,1.2278,57.1063,174.1507,50.5761,66.1627,48.5457,63271995.07,-11.1504,61.0628,0.5166,SPY
6/19/2015,177.5450812,130478689,26271603256,18.3674,1.5227,99.2243,176.7379,0.0658,0.0973,-0.0314,14595283844,0.9868,53.731,174.2437,61.7018,73.5117,41.646,61912822.7,-26.5474,56.564,-0.5462,SPY
6/22/2015,178.4546618,70696027,26238115664,17.6699,1.521,147.0195,176.9014,0.1957,0.1817,0.014,14665979871,2.1617,57.1349,174.3349,74.3867,83.4859,46.6365,45073216.39,-11.8446,56.6241,-0.0211,SPY
6/23/2015,178.5894144,68476797,26245199471,16.9791,1.4647,129.7437,177.0622,0.3059,0.2335,0.0724,14734456668,2.2241,57.6321,174.5233,80.3848,84.1569,41.6174,36340659.87,-9.1372,60.9691,-0.1034,SPY
6/24/2015,177.2924199,92307318,26157236026,15.8571,1.4624,64.9494,177.0841,0.2853,0.1704,0.115,14642149350,0.2743,51.4458,174.7041,82.9724,81.2743,43.2256,1476185.416,-35.1952,55.6142,-0.7118,SPY
6/25/2015,176.719721,97107361,26068002235,15.207,1.447,21.4175,177.0494,0.2203,0.0843,0.136,14545041989,-0.3755,48.9474,174.8777,78.3622,69.6554,43.9109,-41313322.73,-46.7014,47.8927,-0.8581,SPY
6/26/2015,176.7786753,104174840,26072403989,14.9334,1.429,-7.7458,177.0236,0.1715,0.0284,0.1431,14649216829,0.4743,49.2208,175.0444,69.4862,57.5288,43.4479,-53661806.88,-45.5169,47.4231,-0.2746,SPY
6/29/2015,173.0477104,202621332,25882390206,16.268,1.6019,-174.6239,176.645,-0.1663,-0.2475,0.0812,14446595497,-1.2559,36.0601,179.0442,54.5847,36.57,40.86,-114294044.2,-98.0716,32.3791,-0.5733,SPY
6/30/2015,173.4014362,182925106,25808861487,17.524,1.6102,-164.8398,176.336,-0.4008,-0.3857,-0.0152,14629520603,-1.5952,37.7592,178.9219,38.5614,21.5854,31.6286,-152103275.1,-91.6553,30.75,-0.6716,SPY
7/1/2015,174.8163393,135979873,25859738311,18.2024,1.6239,-91.1255,176.1913,-0.4672,-0.3616,-0.1056,14765500476,-0.9524,44.1524,178.6805,24.0074,13.8667,34.0282,-137555037.2,-68.6731,33.5183,-0.1088,SPY
7/2/2015,174.6057883,104373652,25828283237,18.667,1.5957,-75.2192,176.0403,-0.5306,-0.34,-0.1906,14661126824,-2.0577,43.4373,178.4488,19.3261,22.5262,40.7976,-129106914.3,-72.093,33.5451,-0.5137,SPY
7/6/2015,174.0583555,117975369,25837187039,19.6082,1.6093,-100.0076,175.8516,-0.6179,-0.3419,-0.276,14543151455,-1.9639,41.5532,178.2264,20.8253,26.083,40.9677,-111080844.1,-80.985,37.3608,0.4245,SPY
7/7/2015,175.1869092,173820249,25997307170,20.9775,1.7386,-81.7416,175.7883,-0.5893,-0.2506,-0.3387,14716971704,-1.8311,46.6873,178.0128,26.5267,30.9709,43.8592,-42660969.76,-54.0094,48.5881,0.2586,SPY
7/8/2015,172.2560384,164020059,25869881227,22.249,1.8406,-110.6204,175.4519,-0.7939,-0.3642,-0.4297,14552951645,-3.5463,37.4794,177.6462,26.7911,23.3195,35.9987,-51337369.16,-95.0472,41.9204,-0.753,SPY
7/9/2015,172.4834335,144113107,25729119588,22.9665,1.8788,-84.5916,175.1691,-0.927,-0.3978,-0.5292,14697064752,-2.7125,38.493,177.3016,24.6612,19.6934,35.0702,-95007566.08,-91.8632,42.7075,-0.8682,SPY
7/10/2015,174.7405409,129456890,25815851432,23.1507,1.9359,-43.5069,175.1283,-0.8407,-0.2492,-0.5915,14826521642,-1.12,47.5776,176.9776,20.2076,17.6101,42.3543,-76639099.42,-60.2594,48.8351,0.0627,SPY
7/13/2015,176.6607667,106069400,25890983924,22.0358,1.9432,56.3966,175.2743,-0.6103,-0.0151,-0.5953,14932591042,-0.0667,53.8259,171.9023,25.2905,38.5682,43.4566,-38251743.03,-32.1729,51.1516,0.8021,SPY
7/14/2015,177.4692828,81709575,25934173270,20.5734,1.8886,102.3324,175.4833,-0.3584,0.1895,-0.5479,15014300617,2.5551,56.1935,171.9998,39.7903,63.1925,47.6643,-5328328.442,-17.9901,53.273,0.7143,SPY
7/15/2015,177.3934844,97914141,25929435489,19.3413,1.8283,112.8254,175.6652,-0.163,0.3079,-0.4709,14916386476,2.3022,55.9041,172.2297,60.6726,80.2572,52.9182,7117258.88,-9.0656,53.9673,-0.0806,SPY
7/16/2015,178.7746994,106683266,26027228483,18.7413,1.7982,149.3379,175.9614,0.1022,0.4585,-0.3563,15023069742,2.2643,59.9516,172.5724,78.103,90.8594,58.5002,42677564.56,-0.3663,52.4322,0.5556,SPY
7/17/2015,178.9431402,89029973,26097265395,18.3138,1.7148,134.9894,176.2454,0.3222,0.5428,-0.2206,15112099715,2.4841,60.4286,173.0706,89.2189,96.5401,63.9097,75629655.77,-0.9479,61.376,0.24,SPY
7/20/2015,179.0694709,70446821,26086371557,18.2433,1.6507,117.563,176.5143,0.501,0.5773,-0.0763,15182546536,2.879,60.8057,173.6646,94.9678,97.5039,72.992,78768412.19,-6.1742,70.2736,-0.134,SPY
7/21/2015,178.3451752,77965048,26051142906,17.6045,1.614,82.9795,176.6887,0.5776,0.5231,0.0545,15104581488,1.8028,57.427,174.3698,95.4838,92.4073,77.6318,61682567.84,-15.656,65.2082,-0.4963,SPY
7/22/2015,177.9493392,88667920,26043082186,16.6757,1.5517,56.9712,176.8088,0.5994,0.4359,0.1635,15015913568,3.3051,55.6084,174.9903,91.8962,85.7773,71.1923,46520623.53,-20.8379,59.2647,0.4091,SPY
7/23/2015,176.9808043,90509128,25989729436,15.8693,1.5551,30.1449,176.8251,0.5324,0.2952,0.2373,14925404440,2.6074,51.3255,175.5364,84.9492,76.663,65.028,19112987.62,-33.5171,52.4646,-0.7316,SPY
7/24/2015,175.1279549,117754979,25900881817,16.2183,1.6107,-29.9748,176.6635,0.3261,0.0711,0.255,14807649461,0.2217,44.2967,179.5411,75.0214,62.624,64.9891,-22106468.52,-57.7729,45.2722,-0.852,SPY
7/27/2015,174.1173098,132361082,25841547539,17.0989,1.6003,-81.9088,176.421,0.0801,-0.14,0.22,14675288379,-1.4397,40.9987,179.4471,61.6061,45.5312,55.2769,-55838382.84,-72.1165,36.0924,-0.7241,SPY
7/28/2015,176.2817748,123544845,25947704591,16.9437,1.652,-47.4877,176.4077,0.0591,-0.1288,0.1879,14798833224,-0.6691,49.6456,179.2178,49.84,41.3647,65.1538,-30784341.9,-46.0166,45.3892,0.563,SPY
7/29/2015,177.511393,105791255,26020474298,15.9387,1.6381,7.734,176.5129,0.1401,-0.0382,0.1783,14904624479,0.0665,53.7889,178.9976,45.919,50.8613,64.2897,5417612.766,-29.2831,50.652,0.7457,SPY
7/30/2015,177.5535032,91304374,26088952578,15.0056,1.6173,-2.1422,176.612,0.2053,0.0216,0.1837,14995928853,-0.6831,53.9287,178.7862,51.9193,63.5321,63.359,41523536.86,-34.104,54.3976,0.4125,SPY
7/31/2015,177.2418876,103266857,26032115781,13.9698,1.5794,8.729,176.672,0.2292,0.0364,0.1928,14892661996,-0.9507,52.6591,178.5833,60.038,65.7207,63.2998,34434839.68,-39.4509,51.2179,-0.7519,SPY
8/3/2015,176.6355005,113965728,26049089400,13.729,1.5797,-47.5604,176.6685,0.1969,0.0033,0.1936,14778696268,-1.3592,50.1831,178.3885,62.7053,58.8632,56.0654,33805175.12,-49.8555,53.8311,-0.3883,SPY
8/4/2015,176.2901968,81820823,26025953857,13.5055,1.5541,-50.1636,176.6325,0.1418,-0.0414,0.1832,14696875445,-1.1522,48.7767,178.2014,58.7405,51.6378,49.6891,23113078.18,-55.7803,57.9313,-0.2621,SPY
8/5/2015,176.9471161,85786817,25980345676,12.646,1.5628,5.9848,176.6624,0.1495,-0.027,0.1765,14782662262,-0.5632,51.5582,178.0219,53.4843,49.9518,48.8906,2126155.579,-44.5087,57.4181,-0.2215,SPY
8/6/2015,175.4732587,116030803,25922958600,12.8929,1.6178,-70.4131,176.5492,0.0362,-0.1123,0.1484,14666631459,-0.8518,45.5783,177.9662,48.298,43.3044,41.5652,-24912214.67,-69.7977,47.7285,-0.7004,SPY
8/7/2015,175.1111108,117857956,25973469153,13.4613,1.5913,-115.5079,176.4122,-0.0819,-0.1843,0.1024,14548773503,-0.0096,44.2211,177.9662,43.4533,37.1036,35.3189,-17637079.89,-74.3827,47.4917,-0.1633,SPY
8/10/2015,177.3934844,80270676,26049119934,12.6599,1.6431,42.2092,176.5057,0.0086,-0.075,0.0836,14629044179,1.8816,53.5988,177.7961,41.8171,45.0433,40.8396,11013185.54,-20.6897,52.9655,0.9712,SPY
8/11/2015,175.734342,126081377,26055755796,12.5973,1.6983,-49.6995,176.4322,-0.0529,-0.1092,0.0563,14502962802,-0.3105,47.3648,177.6327,43.9884,49.8182,39.8458,23843960.61,-55.4731,51.3113,-0.1813,SPY
8/12/2015,175.9533151,172123672,26207843908,13.4363,1.8044,-90.252,176.3866,-0.0831,-0.1115,0.0284,14675086474,-0.8777,48.2208,177.476,51.8754,60.7646,37.8133,75316953.36,-41.5435,58.8519,0.4788,SPY
8/13/2015,175.7680302,89383253,26198557336,13.9886,1.7682,-28.0189,176.3277,-0.1205,-0.1192,-0.0014,14585703221,-1.0056,47.5167,177.2047,54.3973,52.6091,44.3064,86572272.71,-45.156,60.2327,-0.0195,SPY
8/14/2015,176.323885,72786528,26253875098,14.5015,1.7171,-21.5102,176.3273,-0.1042,-0.0822,-0.0219,14658489749,-0.5179,49.8811,176.9497,57.6781,59.6606,50.9646,100907620.8,-34.3186,63.4972,0.744,SPY
8/17/2015,177.3345301,79072643,26330995330,14.3517,1.7406,30.0154,176.4232,-0.0095,0.0099,-0.0194,14737562392,0.3957,53.9439,172.9551,60.3023,68.6371,49.4668,122136917,-14.6141,71.1043,0.7613,SPY
8/18/2015,176.8039414,71692678,26292954317,14.1609,1.6752,60.2209,176.4595,0.0224,0.0335,-0.0111,14665869714,0.2914,51.5799,173.0432,67.8891,75.3695,48.2272,107614314.3,-24.9589,69.0418,-0.3367,SPY
8/19/2015,175.4143044,172864412,26240965020,14.9521,1.7156,-60.2013,176.36,-0.0637,-0.0421,-0.0216,14493005302,-0.8663,45.9058,173.2189,71.1549,69.4581,39.412,75348081.12,-52.0525,61.2338,-0.3045,SPY
8/20/2015,171.8180921,194327884,26056375663,16.7298,1.8571,-250.7691,175.9274,-0.4173,-0.3166,-0.1007,14298677418,-2.083,35.1343,177.4356,62.1062,41.491,30.6028,-3434544.27,-98.5155,52.7197,-0.5695,SPY
8/21/2015,166.4448289,346588469,25721664058,19.5838,2.1149,-328.1152,175.0243,-1.1182,-0.814,-0.3042,13952088949,-4.949,25.5047,177.3214,42.5641,16.7432,26.8898,-141850716,-99.2023,35.0829,-0.6386,SPY
8/24/2015,159.5977083,507244300,25692063935,23.5235,2.8801,-311.8551,173.5551,-2.2008,-1.5173,-0.6836,13444844649,-10.0318,18.5337,176.8826,22.3938,8.9471,22.1891,-194998214.8,-75.441,39.8044,0.1333,SPY
8/25/2015,157.6859046,369833071,25349112048,27.1818,3.1875,-197.1066,172.0438,-3.1765,-1.9943,-1.1821,13075011578,-10.2703,17.1262,175.4867,13.2785,14.1453,30.2302,-308134317.8,-82.9208,32.5437,-0.9613,SPY
8/26/2015,163.9603264,339256986,25676743405,30.5788,3.4146,-120.6358,171.2739,-3.4041,-1.7776,-1.6265,13414268564,-6.816,34.6635,174.1746,17.1487,28.3537,39.9223,-222158717.4,-56.5771,40.0003,0.405,SPY
8/27/2015,167.7334015,274143906,25917026306,32.0171,3.4558,-54.3583,170.9367,-3.2427,-1.293,-1.9498,13688412470,-4.5712,42.5382,172.9412,27.4737,39.9222,47.2818,-90336983.48,-40.7355,44.573,0.5083,SPY
8/28/2015,167.8007778,160414352,25977181688,33.2099,3.3245,-36.1855,170.638,-3.0739,-0.8993,-2.1746,13848826822,-4.8338,42.671,171.7818,40.7847,54.0783,48.6248,-9057108.666,-40.4526,45.0564,0.3854,SPY
8/31/2015,166.3690306,163298816,25895532280,34.4274,3.2212,-40.095,170.2315,-3.0209,-0.677,-2.3439,13685528006,-6.1835,40.5264,170.692,50.4833,57.4493,48.135,-962234.3626,-46.4639,46.5886,-0.2689,SPY
9/1/2015,161.5095119,256000392,25771334070,36.2057,3.4008,-82.9588,169.4008,-3.3325,-0.7909,-2.5416,13429527614,-8.6505,34.2369,169.6676,53.4221,48.7388,47.0709,-37080831.29,-66.867,45.5925,-0.3342,SPY
9/2/2015,164.5751355,160269331,25926331384,37.6167,3.3798,-56.2914,168.9412,-3.2942,-0.6021,-2.6921,13589796945,-6.1792,40.5094,168.7046,50.1375,44.2244,48.1334,831690.7534,-53.9957,50.0749,0.2599,SPY
9/3/2015,164.7772645,152087836,25842166271,38.0508,3.3243,-30.8854,168.5447,-3.2105,-0.4147,-2.7958,13741884781,-4.0978,40.9096,167.7994,44.9867,41.9967,49.3236,-10514058.11,-53.1471,55.7092,-0.1974,SPY
9/4/2015,162.2001194,207080961,25815475836,38.851,3.3299,-65.2049,167.9404,-3.3139,-0.4145,-2.8994,13534803820,-2.5502,37.4504,166.9485,43.0615,42.9632,45.0728,-22692088.49,-63.9675,45.4565,-0.1156,SPY
9/8/2015,166.3016542,116025739,25917236115,38.4601,3.394,1.4069,167.7843,-3.0299,-0.1044,-2.9255,13650829559,4.2005,45.3679,166.7986,43.5901,45.8103,45.7108,6767177.808,-45.4545,47.3888,0.623,SPY
9/9/2015,164.0277027,149347735,25791807353,37.585,3.4596,8.4785,167.4266,-2.9544,-0.0231,-2.9313,13501481824,4.0218,42.1801,153.6181,44.9599,46.1062,46.177,-21705653.63,-52.2595,41.7448,-0.8906,SPY
9/10/2015,164.9457053,158611063,25804090365,36.7888,3.3912,17.0141,167.1903,-2.7882,0.1144,-2.9027,13660092887,0.601,43.894,153.9056,48.9419,54.9093,46.8038,-27472157.92,-37.558,44.0149,0.4343,SPY
9/11/2015,165.6952671,119691212,25915418872,36.0494,3.2867,32.6765,167.0479,-2.5665,0.2689,-2.8354,13779784099,-1.2151,45.3193,154.1874,55.0504,64.1357,54.1951,8088993.345,-17.7752,52.4759,0.5939,SPY
9/14/2015,165.0551919,79451983,25891281561,35.3015,3.147,27.8289,166.8581,-2.4146,0.3367,-2.7513,13700332116,-1.6362,44.2848,154.4635,63.5473,71.5969,65.4614,14221320.42,-29.8762,48.0274,-0.6139,SPY
9/15/2015,167.1354364,113806176,25964523159,33.9719,3.1045,80.4747,166.8845,-2.1021,0.5193,-2.6215,13814138292,0.4607,48.407,154.7341,71.9364,80.0767,62.0196,38741297.32,-12.1186,55.1451,0.6073,SPY
9/16/2015,168.5587616,99581557,26037217696,32.305,3.003,141.1748,167.044,-1.7198,0.7213,-2.4411,13913719849,4.3646,51.0743,154.9993,78.9152,85.072,58.0344,68380340.67,-2.7893,58.7458,0.66,SPY
9/17/2015,168.1881918,276046618,25825403532,30.0548,3.0057,152.8671,167.153,-1.4303,0.8087,-2.239,13637673231,2.1954,50.3445,155.5508,83.8116,86.2862,58.1426,6893593.449,-26.2336,46.5751,-0.0886,SPY
9/18/2015,165.4033844,223657456,25649844454,28.7634,3.016,38.2452,166.9863,-1.4092,0.6638,-2.073,13414015775,0.38,45.1263,156.4702,81.2918,72.5172,49.4042,-74746472.93,-53.4257,47.0419,-0.0941,SPY
9/21/2015,166.3177766,105726209,25649416412,27.5642,2.9499,44.8251,166.9227,-1.3038,0.6154,-1.9192,13519741984,2.5386,47.0664,157.3345,72.4726,58.6145,55.5002,-101485743,-44.4972,47.0687,0,SPY
9/22/2015,164.1672617,153890876,25712592667,27.0522,2.9739,-85.5733,166.6602,-1.3778,0.4331,-1.8109,13365851108,-1.2834,43.1982,158.1469,58.3185,43.8239,58.0762,-83097023.15,-70.6054,43.168,0.0105,SPY
9/23/2015,163.9132638,92790620,25692558328,26.5072,2.8679,-83.7919,166.3986,-1.4404,0.2964,-1.7368,13273060488,-0.0698,42.7512,158.9106,46.5482,37.2061,56.7138,-74394652.43,-73.2791,42.054,-0.2898,SPY
9/24/2015,163.346002,159378840,25794582845,26.5129,2.8469,-124.3012,166.1079,-1.5183,0.1748,-1.6931,13113681648,-0.9698,41.7133,159.6285,35.5832,25.7197,49.1865,-31609095.16,-78.9565,42.8791,0.2699,SPY
9/25/2015,163.2952025,155054777,25742573876,25.981,2.8365,-97.0517,165.84,-1.566,0.1016,-1.6677,12958626871,-1.4485,41.6159,160.3032,28.5614,22.7584,58.0525,-27780666.88,-79.4892,39.9781,-0.5549,SPY
9/28/2015,159.0957717,178515871,25586633783,26.336,2.9501,-207.6919,165.1977,-1.9206,-0.2023,-1.7183,12780111000,-3.6106,34.4513,170.8748,20.988,14.486,50.8243,-73306278.95,-98.0962,34.9454,-0.9063,SPY
9/29/2015,159.2397038,159045572,25557767860,26.7951,2.9093,-175.0907,164.6303,-2.165,-0.3574,-1.8076,12939156572,-4.7242,34.8652,170.6347,15.7633,10.0455,50.7244,-94450797.45,-92.2779,38.7245,-0.0676,SPY
9/30/2015,162.2114784,163452044,25688392716,26.4935,2.9283,-83.4112,164.3999,-2.0948,-0.2297,-1.8651,13102608616,-3.7656,42.8844,170.1399,12.7235,13.639,58.4078,-52951937.67,-68.7088,44.6187,0.5105,SPY
10/1/2015,162.6686745,131078964,25784124543,25.9908,2.8806,-61.1062,164.235,-1.9794,-0.0915,-1.8879,13233687580,-3.2818,44.0261,169.665,16.1093,24.6435,58.5881,-701191.9035,-65.0828,48.8775,0.0187,SPY
10/2/2015,165.098587,211003342,25992985719,24.7103,3.0323,-19.3548,164.3173,-1.6726,0.1722,-1.8449,13444690922,-0.1843,49.773,169.209,26.1383,40.1324,61.0121,87193686.66,-45.8112,57.9943,0.8849,SPY
10/5/2015,168.0364952,126320842,26091002306,23.3762,3.0419,95.4594,164.6715,-1.1789,0.5328,-1.7117,13571011764,1.0334,55.6957,168.7713,40.1025,55.5317,61.2458,146411079.5,-22.5107,60.5385,0.834,SPY
10/6/2015,167.4607668,110274530,26068724623,22.1977,2.9443,100.7675,164.9371,-0.8245,0.7098,-1.5342,13460737234,2.0062,54.3433,158.266,54.6215,68.2004,61.428,150237924.8,-27.0768,60.5915,-0.2626,SPY
10/7/2015,168.8323551,124307295,26148598673,21.3244,2.8761,129.175,165.3081,-0.428,0.885,-1.313,13585044529,3.001,57.0208,158.4701,68.7059,82.3855,58.5387,163559929.4,-3.2558,70.5358,0.217,SPY
10/8/2015,170.356342,153055231,26266492567,20.9473,2.8497,140.6129,165.7889,0.009,1.0576,-1.0486,13738099760,4.2917,59.839,158.8988,79.9,89.1139,68.3379,191652449.5,-2.3256,75.6016,0.7635,SPY
10/9/2015,170.4579411,107069240,26281092918,20.6846,2.726,131.7431,166.2336,0.3595,1.1264,-0.767,13845169000,4.3864,60.0271,159.6035,89.4566,96.8703,68.4008,190367460.3,-3.8076,74.151,-0.0379,SPY
10/12/2015,170.6188064,56395585,26305641584,20.4407,2.5827,107.3795,166.6512,0.6428,1.1278,-0.485,13901564585,7.2428,60.344,160.5105,94.3646,97.1095,74.8023,180346589.5,-2.5384,74.943,0.1176,SPY
10/13/2015,169.543549,88038718,26234292670,19.8802,2.5258,82.4546,166.9267,0.7716,1.0053,-0.2337,13813525867,6.4707,57.0868,161.3449,95.8947,93.7043,70.0574,137150070.8,-12.541,64.744,-0.1896,SPY
10/14/2015,168.7307559,99106161,26171131749,18.9374,2.4621,56.9495,167.0985,0.7989,0.8261,-0.0272,13714419706,4.019,54.6841,162.3265,93.1686,88.6921,72.1513,86913922.65,-18.8444,55.8585,-0.4611,SPY
10/15/2015,171.3215338,134142195,26304287604,18.5322,2.4719,74.6624,167.5007,1.0179,0.8361,0.1818,13848561901,5.3193,60.4048,163.2099,90.6377,89.5166,71.9243,100829277.6,-0.0648,64.3534,0.8346,SPY
10/16/2015,172.1004604,114580052,26415522254,18.4365,2.3782,91.6378,167.9388,1.24,0.8465,0.3935,13963141953,4.241,61.9597,164.1843,90.6216,93.6562,80.7313,132748467.7,-0.1222,67.1699,0.3212,SPY
10/19/2015,172.1851264,76523897,26492046151,18.3724,2.2833,91.5775,168.3432,1.4066,0.8105,0.5961,14039665850,2.4689,62.1338,165.2949,94.3701,99.9376,88.8292,158086788.4,0,67.5601,0.7016,SPY
10/20/2015,171.9649949,78448484,26481707978,18.4644,2.1982,92.6539,168.6881,1.5036,0.726,0.7776,13961217366,2.6897,61.3478,166.3974,97.3,98.3062,88.2963,150791520.3,-4.9592,65.8646,0.2016,SPY
10/21/2015,170.898204,102038033,26398742475,18.119,2.1706,70.6578,168.8986,1.4773,0.5598,0.9175,13859179333,1.2236,57.5485,167.5108,97.3615,93.8406,81.5893,107700657.7,-13.519,58.7251,-0.8224,SPY
10/22/2015,173.7429797,174911723,26544980145,18.3782,2.2369,132.1971,169.36,1.6668,0.5994,1.0674,14034091056,1.988,63.9585,168.4238,94.966,92.7513,81.2919,126811776.4,-3.268,67.2505,0.6093,SPY
10/23/2015,175.698763,144442340,26614137386,19.3209,2.2428,209.5882,169.9637,1.9523,0.7079,1.2444,14178533396,3.0746,67.5827,169.5384,93.2291,93.0954,81.585,145106194.9,-3.9269,71.9461,0.1636,SPY
10/26/2015,175.2500335,69032965,26618398681,20.1962,2.1407,164.9014,170.4671,2.118,0.6989,1.4191,14109500431,2.7144,65.9442,170.8433,93.464,94.5453,76.4972,140754669.2,-9.1691,67.9358,-0.3827,SPY
10/27/2015,174.8944365,77905770,26640933407,20.596,2.061,123.0131,170.8888,2.1952,0.6209,1.5743,14031594661,3.1561,64.6075,171.8872,92.7869,90.7201,70.4482,133348761,-14.7436,65.9002,0.3058,SPY
10/28/2015,176.9010193,135906725,26772915028,21.5423,2.0813,137.4598,171.4614,2.3908,0.6532,1.7376,14167501386,4.8422,68.4891,172.7223,92.3873,91.8963,70.2089,160190608.8,-0.3984,68.5205,0.7004,SPY
10/29/2015,176.8586864,90525498,26798535452,22.5005,1.9967,126.7801,171.9754,2.5135,0.6207,1.8928,14076975888,3.232,68.3188,173.5648,92.1143,93.7265,69.9409,164760535.1,-3.6786,69.812,0.5094,SPY
10/30/2015,176.0458933,131076942,26696758062,23.1152,1.9569,95.7975,172.3631,2.516,0.4986,2.0174,13945898946,2.2925,64.9794,174.288,93.1567,93.8473,62.6861,119268104.9,-14.381,70.0692,-0.6647,SPY
11/2/2015,178.1286755,86270811,26766831088,24.0384,1.9798,109.4275,172.9122,2.6555,0.5105,2.1451,14032169757,3.4518,69.1419,174.8952,93.6325,93.3238,68.4245,112110973.1,-1.9692,71.4676,0.8449,SPY
11/3/2015,178.6451377,95246052,26797931840,25.1864,1.9569,120.2851,173.4582,2.7758,0.5046,2.2712,14127415809,3.8846,70.0912,175.5809,93.2969,92.7197,74.8159,108886842.7,-5.4908,70.3076,0.5255,SPY
11/4/2015,178.1202089,96224477,26773064840,26.2524,1.9248,103.9734,173.9022,2.7965,0.4202,2.3763,14031191332,4.2259,67.8079,176.2491,93.0981,93.2509,67.5988,89756849.14,-12.7872,67.3978,-0.5449,SPY
11/5/2015,177.9254772,78408744,26782606645,26.814,1.9016,82.9849,174.2853,2.7653,0.3112,2.4541,13952782588,2.4073,66.9367,176.8401,91.6165,88.879,61.3257,76807257.95,-15.0849,66.6737,-0.1481,SPY
11/6/2015,177.8323447,110471473,26859817890,26.9134,1.8783,61.8932,174.6232,2.7019,0.1983,2.5036,13842311115,1.2143,66.4967,179.2039,89.1482,85.3147,54.704,89094434.1,-16.1838,64.4091,0.1613,SPY
11/9/2015,176.1728922,131008660,26845375990,26.0706,1.931,8.0632,174.7707,2.4891,-0.0116,2.5007,13711302455,0.5266,59.0485,179.1497,83.9498,77.6557,47.7091,81426362.31,-35.7642,60.3448,-0.4843,SPY
11/10/2015,176.5792888,75874602,26916945650,25.2881,1.8783,-12.3483,174.943,2.3264,-0.1395,2.4659,13787177057,0.9634,60.2235,178.9924,78.3736,72.1505,48.4539,93659191.83,-31.6004,67.1831,0.7447,SPY
11/11/2015,175.885028,67845971,26857580425,24.7189,1.8216,-32.3647,175.0327,2.117,-0.2791,2.3961,13719331086,-0.5743,57.2039,178.8414,68.3637,55.285,39.7476,71260124.09,-66.7802,58.4903,-0.8906,SPY
11/12/2015,173.4297157,121315200,26738431568,23.3032,1.868,-164.428,174.88,1.733,-0.5305,2.2635,13598015886,-1.9388,48.0314,178.6963,53.802,33.9706,29.9418,17707676,-99.7076,47.9326,-0.7411,SPY
11/13/2015,171.482399,153577050,26598628245,22.9802,1.8797,-232.8547,174.5565,1.2571,-0.8051,2.0622,13444438836,-2.5922,42.2457,178.3793,33.596,11.5323,28.2639,-50292808.07,-98.9154,43.4115,-0.8117,SPY
11/16/2015,174.0901101,117645231,26711581073,22.1447,1.9577,-151.6707,174.512,1.0778,-0.7875,1.8653,13562084067,-2.2672,50.7936,177.8208,19.3525,12.5546,35.299,-37599578.07,-63.7131,51.2667,0.9402,SPY
11/17/2015,173.9631112,121123744,26656626782,20.7128,1.9485,-79.0833,174.4598,0.915,-0.7602,1.6753,13440960323,-2.6209,50.4024,177.1565,16.0374,24.0254,34.5925,-46474205.92,-65.2954,45.2895,-0.2407,SPY
11/18/2015,176.7232209,121342544,26763791847,19.8791,2.0168,-0.6137,174.6753,0.9972,-0.5424,1.5397,13562302867,-0.7843,57.9782,171.1776,27.7583,46.6948,35.9143,-11781832.58,-30.9072,53.5189,0.9244,SPY
11/19/2015,176.5708222,88220465,26748223529,19.166,1.9241,25.7492,174.8559,1.0381,-0.4013,1.4393,13474082402,-0.7614,57.4563,171.2914,42.5725,56.9972,43.0204,-1471977.86,-32.8059,51.4991,-0.0471,SPY
11/20/2015,177.2142833,94011519,26721363095,18.9367,1.8816,57.8265,175.0805,1.1096,-0.2638,1.3734,13568093921,-0.3476,59.1291,171.5195,58.0638,70.4993,43.3179,-5666995.579,-24.789,52.5368,-0.1111,SPY
11/23/2015,177.0110851,64931172,26705352669,18.5374,1.8355,55.183,175.2643,1.1368,-0.1893,1.3261,13503162749,0.4758,58.3489,171.9023,66.5357,72.1107,37.5461,-11962184.22,-26.073,56.8993,-0.2123,SPY
11/24/2015,177.2481497,98874365,26765004146,17.5731,1.8508,49.0695,175.4533,1.164,-0.1296,1.2937,13602037114,0.3788,59.0281,172.2622,73.1606,76.8718,37.4968,5529997.848,-18.5227,64.4065,0.6116,SPY
11/25/2015,177.2227499,51980062,26757171534,16.6778,1.7627,72.408,175.6218,1.1701,-0.0989,1.269,13550057052,0.7606,58.9172,172.6005,76.6741,81.0398,41.9126,9690968.681,-12.285,58.8443,-0.2466,SPY
11/27/2015,177.4259482,37317779,26775433426,15.7611,1.6937,75.4394,175.7936,1.1777,-0.073,1.2507,13587374831,2.3042,59.5714,172.9185,81.7638,87.3798,47.0261,16322788.82,-7.0529,62.6676,0.1383,SPY
11/30/2015,176.6893545,112822700,26684666291,14.7328,1.6531,56.6803,175.8789,1.1115,-0.1114,1.2229,13474552131,3.0364,56.0851,173.2173,85.3234,87.5507,47.6569,-11328535.65,-18.0101,52.1325,-0.797,SPY
12/1/2015,178.3742067,97858418,26766501108,14.2982,1.6639,92.7276,176.1166,1.1814,-0.0332,1.2146,13572410549,2.4609,61.6182,173.4983,88.6787,91.1056,54.198,4427776.744,-1.6204,58.1879,0.7251,SPY
12/2/2015,176.553889,108441259,26681548931,13.3516,1.7125,51.56,176.1582,1.0774,-0.1097,1.1871,13463969290,1.4893,53.74,173.8979,87.5926,84.1217,52.5861,-16559222.59,-28.0045,51.2334,-0.7545,SPY
12/3/2015,174.0816435,166224154,26580303310,13.9802,1.8563,-56.8378,175.9605,0.7865,-0.3205,1.107,13297745136,-1.4948,45.2737,178.6451,81.6606,69.7547,50.9276,-55853945.15,-61.1111,46.1871,-0.7318,SPY
12/4/2015,177.4767477,192913879,26742244777,14.0837,1.9874,4.5774,176.1049,0.8205,-0.2293,1.0497,13490659015,0.5131,55.6151,178.6451,72.9852,65.0794,62.546,-15324597.06,-15.6463,53.4955,0.9197,SPY
12/7/2015,176.4014903,102027111,26732969585,14.1797,1.9984,-13.2431,176.1331,0.7519,-0.2382,0.9901,13388631904,-0.4586,52.2477,178.5393,65.0383,60.2809,62.2017,-302461.4465,-42.4,51.6696,-0.3478,SPY
12/8/2015,175.2161671,103372367,26725968269,14.8703,2.0111,-147.948,176.0458,0.5951,-0.316,0.9111,13285259537,-1.014,48.744,178.4356,61.4705,59.0512,54.6315,3642762.807,-64.8,50.6964,0.1833,SPY
12/9/2015,173.8530454,162401537,26647293747,16.0978,2.1396,-182.3309,175.837,0.3567,-0.4435,0.8003,13122858000,-1.9155,45.0061,178.3339,51.9784,36.6029,44.9966,-20107244.64,-82.9912,46.8444,-0.1889,SPY
12/10/2015,174.3017749,116128884,26605203365,17.2377,2.1253,-133.6878,175.6907,0.2017,-0.4789,0.6805,13238986884,-1.6482,46.4616,178.1154,40.439,25.663,45.9662,-41387619.58,-75.2199,43.3923,0.1965,SPY
12/11/2015,170.9236038,211125329,26453482121,19.3684,2.2371,-224.1668,175.2367,-0.1916,-0.6977,0.5061,13027861555,-3.6648,38.2536,177.9056,25.8317,15.2292,36.9812,-94605657.92,-96.1012,40.1625,-0.5589,SPY
12/14/2015,171.7871964,182385177,26618217120,21.6976,2.2648,-179.927,174.9082,-0.4286,-0.7478,0.3192,13210246732,-2.7745,41.1174,177.4679,19.7836,18.4586,34.5951,-55360477.88,-73.3032,47.8936,0.2677,SPY
12/15/2015,173.590581,154069569,26669573643,22.0818,2.299,-76.6131,174.7827,-0.4656,-0.6278,0.1622,13364316301,-2.6818,46.6789,176.8137,19.7369,25.5228,42.0745,-17932148.92,-54.0271,44.6409,0.1019,SPY
12/16/2015,176.1305593,197017008,26827077491,21.3837,2.3519,5.7639,174.9111,-0.2866,-0.3591,0.0725,13561333309,-0.2398,53.3606,169.2896,30.8596,48.5973,46.3938,49124496.16,-26.8778,49.9272,0.4624,SPY
12/17/2015,173.4466489,173092476,26655887130,20.6961,2.404,-22.2164,174.7716,-0.3572,-0.3437,-0.0135,13388240833,-0.3648,46.7012,169.4325,42.8766,54.5098,41.5605,17621236.49,-55.5656,44.2661,-0.9725,SPY
12/18/2015,170.3745875,251393535,26435309576,21.2089,2.4633,-137.7591,174.3528,-0.6535,-0.5121,-0.1415,13136847298,-4.0017,40.4746,169.7156,48.7195,43.0514,39.0799,-67052158.19,-88.4023,41.7665,-0.8871,SPY
12/21/2015,171.7800373,99094290,26511152692,21.6851,2.4005,-103.478,174.1078,-0.7661,-0.4997,-0.2664,13235941588,-2.6198,44.1437,169.9875,41.704,27.5508,39.0117,-71463722.97,-73.3797,44.3049,0.1453,SPY
12/22/2015,173.3388089,111026246,26588388342,21.2184,2.369,-36.347,174.0346,-0.7213,-0.3639,-0.3574,13346967834,-1.0715,47.974,170.2127,33.084,28.6496,43.9881,-42196772.57,-52.2692,52.3534,0.3391,SPY
12/23/2015,175.4853141,110987228,26691926762,19.8988,2.3561,51.6838,174.1727,-0.5067,-0.1194,-0.3873,13457955062,0.9389,52.7763,170.4342,35.1095,49.128,50.2792,6556183.97,-26.9671,54.1328,0.8926,SPY
12/24/2015,175.1957062,48542150,26671122984,18.5751,2.2432,66.3662,174.2702,-0.3559,0.0251,-0.381,13409412912,0.5129,52.0779,170.6773,47.2693,64.0304,46.6598,19285174.47,-28.6725,51.129,-0.044,SPY
12/28/2015,174.795366,65899939,26732030503,17.881,2.1888,39.5958,174.3202,-0.2656,0.0923,-0.3579,13343512973,2.2652,51.0717,170.9107,62.0362,72.9502,42.3111,42118956.34,-25.5099,47.904,0.2652,SPY
12/29/2015,176.6607812,92640672,26769928960,16.9249,2.1895,122.5605,174.5431,-0.0431,0.2519,-0.2949,13436153645,2.837,55.3962,171.1347,72.4941,80.5018,47.3046,59689652.76,-4.3123,58.5306,0.6742,SPY
12/30/2015,175.4086532,63317679,26721458185,15.7703,2.1329,80.8902,174.6255,0.0319,0.2615,-0.2296,13372835966,1.0473,52.0695,171.4862,78.8852,83.2038,49.8076,46028813.56,-20.5665,64.1314,-0.8138,SPY
12/31/2015,173.6539704,114877859,26606580326,15.2585,2.1058,20.5828,174.533,-0.0497,0.1439,-0.1936,13257958107,-1.4061,47.7425,171.8166,80.3215,77.2589,43.6092,-296195.2104,-43.3444,56.0282,-0.6238,SPY
1/4/2016,171.2263787,222353500,26827112170,16.2099,2.2767,-124.1518,174.2181,-0.3067,-0.0905,-0.2162,13035604607,-1.2801,42.4827,176.993,71.5434,54.1674,43.3795,50948814.72,-73.5869,52.6729,0.2172,SPY
1/5/2016,171.515984,110845800,26873248513,16.7506,2.2266,-96.3146,173.9607,-0.4815,-0.2122,-0.2693,13146450407,0.6699,43.2854,176.8362,56.384,37.7258,51.1,81960717.64,-69.8913,49.0936,-0.0216,SPY
1/6/2016,169.3524482,152112600,26872012440,17.8063,2.2963,-136.6596,173.5219,-0.7855,-0.413,-0.3725,12994337807,-1.4132,38.9158,176.6827,38.2416,22.8315,42.7377,86803134.77,-88.0275,46.7264,0.1951,SPY
1/7/2016,165.2894172,213436100,26709579949,19.53,2.4505,-185.8166,172.7378,-1.3389,-0.7731,-0.5658,12780901707,-4.6437,32.3177,176.3479,25.2214,15.1069,31.6291,29209864.15,-96.7605,37.6678,-0.3325,SPY
1/8/2016,163.475105,209817200,26533175836,21.4451,2.5353,-176.7294,171.8557,-1.9019,-1.0689,-0.833,12571084507,-6.844,29.8814,175.6609,14.5694,5.7698,31.2009,-53135042.71,-97.9026,31.6161,-0.7658,SPY
1/11/2016,163.6369472,187941300,26585003232,23.4792,2.5726,-159.2274,171.0729,-2.3084,-1.1803,-1.1281,12759025807,-6.5976,30.3855,174.6628,8.9678,6.0268,32.4556,-65500602.05,-87.2566,36.9846,-0.2507,SPY
1/12/2016,164.9572208,172330500,26667378428,24.8917,2.5963,-109.9269,170.4905,-2.4953,-1.0938,-1.4015,12931356307,-5.6284,34.5215,173.3652,7.9555,12.0699,34.8707,-38394350.04,-78.6311,41.4804,-0.0469,SPY
1/13/2016,160.8430842,221168900,26476927245,26.6245,2.8051,-116.8805,169.5717,-2.9415,-1.232,-1.7095,12710187407,-8.9537,28.7828,172.1973,10.0801,12.1436,27.3894,-84413137,-97.6816,34.2106,-0.8673,SPY
1/14/2016,163.4836186,240795600,26603344580,28.3366,2.9455,-96.0385,168.9919,-3.0469,-1.0699,-1.977,12950983007,-6.7984,36.1224,170.7888,13.06,14.9665,31.4336,-55341385.61,-78.7879,38.2409,0.425,SPY
1/15/2016,159.9742573,314240200,26733308189,30.2201,3.1251,-116.8931,168.133,-3.3747,-1.1182,-2.2565,12636742807,-7.8776,31.4791,169.2569,12.7937,11.2711,25.9782,2934696.238,-89.7171,37.9661,0.321,SPY
1/19/2016,160.1872042,195244400,26723820519,31.3777,3.1397,-94.7516,167.3763,-3.5761,-1.0556,-2.5204,12831987207,-6.4471,32.0499,167.4596,13.5126,14.3001,32.2675,23489316.98,-88.5945,41.0333,-0.4859,SPY
1/20/2016,158.1343923,286547800,26846752432,33.1456,3.3438,-123.3,166.4961,-3.8568,-1.0691,-2.7877,12545439407,-7.802,29.4988,165.9498,12.8978,13.1223,26.5021,68877332.34,-82.3215,46.5036,0.0957,SPY
1/21/2016,159.0202584,195772900,26840736227,34.2402,3.3623,-92.4853,165.7841,-3.9622,-0.9396,-3.0226,12741212307,-6.101,32.0137,163.8332,14.9055,17.2942,32.0646,79269334.38,-77.2015,46.1623,0.1135,SPY
1/22/2016,162.2826072,168319600,26966081993,34.5362,3.3698,-37.3035,165.4506,-3.7394,-0.5734,-3.166,12909531907,-1.8191,40.4397,154.1906,19.6916,28.6584,37.3496,116197048.5,-54.5019,49.2935,0.3936,SPY
1/25/2016,159.8294542,130371700,26857597117,35.048,3.3183,-57.9428,164.9153,-3.7178,-0.4415,-3.2763,12779160207,-2.2301,36.7512,154.3566,26.4288,33.3339,38.7459,86222557.48,-68.295,51.3222,-0.8321,SPY
1/26/2016,162.0100292,141036800,26961548245,35.3738,3.2571,-24.7794,164.6386,-3.4847,-0.1667,-3.318,12920197007,-0.9942,41.8301,154.5192,34.5993,41.8058,39.252,99197210.16,-51.7857,51.2763,0.7092,SPY
1/27/2016,160.2468353,185681700,26864169087,35.2642,3.2983,-29.6608,164.2203,-3.4029,-0.0679,-3.335,12734515307,-2.8555,39.0963,154.6785,38.7377,41.0734,38.9026,64502816.78,-56.6991,50.505,-0.3222,SPY
1/28/2016,161.0815839,143798800,26904849151,35.1625,3.2476,-22.5049,163.9214,-3.2335,0.0812,-3.3147,12878314107,0.1483,41.0602,155.0181,43.856,48.6889,39.9677,57389420.36,-45.4484,52.6058,-0.2796,SPY
1/29/2016,165.0083255,210529300,27098535686,33.6705,3.3059,112.4604,164.0249,-2.7507,0.4512,-3.2019,13088843407,0.9326,49.3366,155.3441,50.9891,63.2051,47.6335,110889708.4,-8.237,57.7076,0.925,SPY
2/1/2016,164.9486944,136061600,27142233710,32.0477,3.2364,131.7295,164.1129,-2.3458,0.6849,-3.0307,12952781807,3.1095,49.2236,155.9322,63.6949,79.1906,53.5973,136599223.9,-8.7428,59.5318,0.4088,SPY
2/2/2016,161.9759636,182564900,27052830846,31.1341,3.2553,46.1427,163.9094,-2.239,0.6333,-2.8723,12770216907,1.1167,43.832,156.7169,75.1386,83.0202,47.0468,106252275.9,-33.9595,50.8461,-0.7407,SPY
2/3/2016,162.9470008,205054900,27215823490,30.8413,3.3075,29.7688,163.8177,-2.0524,0.656,-2.7084,12975271807,3.0434,45.9159,157.4388,79.9713,77.703,47.3381,136039613.3,-24.1888,59.9487,-0.0235,SPY
2/4/2016,163.2025397,139531800,27240329386,30.2101,3.241,80.3872,163.7591,-1.8624,0.6768,-2.5392,13114803607,2.63,46.4787,158.1029,78.005,73.2918,45.3002,143655435.4,-21.9764,57.4989,0.319,SPY
2/5/2016,160.0935067,180788300,27120208287,30.2269,3.2815,-20.5129,163.41,-1.9403,0.4791,-2.4194,12934015307,-1.3489,40.9022,158.714,73.1028,68.3137,47.6665,95491064.32,-48.8938,56.4683,-0.6801,SPY
2/8/2016,157.9384845,191526700,27230970868,31.0208,3.3604,-157.4594,162.8889,-2.1511,0.2146,-2.3657,12742488607,-1.1831,37.5401,165.7409,65.1549,53.8594,40.0179,102349091.4,-67.5517,55.3354,-0.1054,SPY
2/9/2016,157.9469982,184513100,27266491418,31.4503,3.348,-146.6632,162.4183,-2.2911,0.0597,-2.3508,12927001707,-2.5079,37.562,165.5402,52.4888,35.2935,49.2162,107152178.1,-77.6741,51.2807,0.5535,SPY
2/10/2016,157.8107215,148214100,27132086909,31.3295,3.3047,-105.2239,161.9795,-2.3856,-0.0278,-2.3578,12778787607,-1.5202,37.337,165.3435,38.1334,25.2473,48.1925,56610899.17,-79.0322,46.6119,-0.354,SPY
2/11/2016,155.7579104,219058900,27170658614,31.9263,3.323,-173.8816,161.3869,-2.5961,-0.1907,-2.4054,12559728707,-3.305,34.0301,165.1508,26.4485,18.8048,40.2623,43061291.19,-86.8791,47.8385,0.1728,SPY
2/12/2016,158.9691537,127632400,27296394169,31.6042,3.3162,-71.8741,161.1567,-2.4754,-0.0559,-2.4194,12687361107,-3.6599,42.5952,164.7148,23.0347,25.052,45.5913,73610374.45,-58.9325,49.7641,0.6208,SPY
2/16/2016,161.65228,120250700,27413335316,30.3502,3.2728,16.5215,161.2039,-2.1385,0.2247,-2.3632,12807611807,-1.9984,48.6001,164.2962,27.7975,39.5355,45.1046,116624421.4,-35.5819,52.8651,0.4633,SPY
2/17/2016,164.2928272,136009500,27497531707,28.2775,3.2544,91.6972,161.4981,-1.6396,0.579,-2.2185,12943621307,1.4304,53.7298,154.2502,42.9607,64.2946,51.9902,150408617.5,-12.6019,60.5219,0.7446,SPY
2/18/2016,163.6199072,102343000,27444048481,26.3528,3.1163,79.0272,161.7001,-1.2836,0.7479,-2.0315,12841278307,0.413,52.2974,154.4586,60.5387,77.786,52.8909,133538524.3,-18.4582,60.3893,-0.7161,SPY
2/19/2016,163.5432497,114793000,27534954794,24.8807,2.999,62.7593,161.8757,-0.9963,0.8282,-1.8245,12726485307,0.2088,52.1269,154.6628,75.1174,83.2716,45.4418,143421992.7,-19.1253,61.5455,0.4798,SPY
2/22/2016,165.9112188,103640300,27608218227,23.411,2.9642,127.9248,162.26,-0.5709,1.0029,-1.5738,12830125607,3.6339,56.8106,154.8629,82.707,87.0633,44.6159,157737959,-1.2265,69.8157,0.7845,SPY
2/23/2016,163.8158277,111455300,27511347226,21.8495,2.9107,83.3516,162.4082,-0.3982,0.9404,-1.3387,12718670307,3.7213,51.9657,155.3106,85.7419,86.8909,46.1242,118432085.1,-18.9754,68.6728,-0.785,SPY
2/24/2016,164.5653925,150812200,27638516470,21.0815,2.9589,57.4186,162.6136,-0.1986,0.912,-1.1107,12869482507,4.1903,53.4936,155.7404,87.6705,89.0573,47.3303,132048797.5,-12.6263,68.6495,0.6105,SPY
2/25/2016,166.5585724,110728300,27748429778,19.8232,2.9131,100.3676,162.9893,0.119,0.9837,-0.8647,12980210807,5.5433,57.3762,156.153,88.4637,89.443,46.611,160587250.7,-0.0692,69.0728,0.6654,SPY
2/26/2016,166.1752705,129833700,27646313692,18.4534,2.8133,99.5756,163.2928,0.3359,0.9605,-0.6246,12850377107,6.6882,56.401,156.7779,90.2896,92.3686,54.5986,125171749.6,-10.1988,64.7068,-0.8315,SPY
2/29/2016,164.8720369,125918100,27540368502,17.4927,2.7888,71.0386,163.4432,0.3981,0.8181,-0.4201,12724459007,3.7132,53.0967,157.638,90.5727,89.9064,56.2628,65594506.81,-20.0128,60.7871,-0.5345,SPY
3/1/2016,168.7476738,141799700,27674625232,16.4171,2.8725,113.7013,163.9484,0.7514,0.9372,-0.1858,12866258707,4.3893,60.5068,158.4293,90.6699,89.7347,55.4863,77976911.97,-0.5841,65.36,0.8245,SPY
3/2/2016,169.505764,102415000,27770250506,15.6392,2.7774,136.0301,164.4776,1.0802,1.0127,0.0674,12968673707,3.173,61.7788,159.4697,90.8881,93.0231,54.5458,106379854.7,-0.3339,66.5164,0.6961,SPY
3/3/2016,170.1701576,95172200,27863169662,15.1118,2.6819,140.9668,165.0198,1.3784,1.0488,0.3296,13063845907,4.0033,62.9064,160.6802,94.1366,99.6519,63.9566,137893530.4,-0.1263,73.782,0.5858,SPY
3/4/2016,170.7238145,129293600,27889918922,15.0226,2.6315,151.3466,165.563,1.6406,1.0487,0.5918,13193139507,4.3906,63.8631,162.0111,96.7621,97.6114,64.1985,146760841.5,-6.7056,69.7425,0.181,SPY
3/7/2016,170.8601031,100219000,27937274145,14.9398,2.5542,124.7967,166.0675,1.8381,0.997,0.8411,13293358507,2.9829,64.1085,163.5306,97.6267,95.6168,63.9035,152114054,-6.3176,66.5184,0.6868,SPY
3/8/2016,168.9946862,123974900,27840847483,14.4936,2.5166,73.8796,166.3463,1.8231,0.7856,1.0375,13169383607,3.1614,58.2751,164.8069,93.571,87.4849,56.0665,109794243.5,-24.5221,63.6077,-0.538,SPY
3/9/2016,169.8294476,94801200,27878490809,14.0793,2.4214,70.8949,166.678,1.8572,0.6558,1.2014,13264184807,3.1988,60.0279,165.879,89.1211,84.2615,62.0945,94477720.77,-16.3757,70.2726,0.0147,SPY
3/10/2016,169.9657234,156838700,27905267028,14.0916,2.473,65.4035,166.9911,1.8736,0.5377,1.3359,13421023507,2.0456,60.3209,166.7795,84.3662,81.3521,69.8226,88142693.03,-15.0458,63.0777,-0.1138,SPY
3/11/2016,172.7084817,137964500,28039037819,14.6042,2.4965,110.9842,167.5356,2.0839,0.5984,1.4855,13558988007,3.9315,65.7616,167.536,85.0054,89.4026,70.5079,120101552.1,-0.3707,65.3724,0.4559,SPY
3/14/2016,172.4870212,73612000,28050050907,15.1449,2.3954,119.7578,168.0072,2.2073,0.5774,1.6298,13485376007,4.6187,64.9868,168.1259,88.1013,93.5492,76.4149,125761472.4,-3.9358,64.5131,0.2677,SPY
3/15/2016,172.2059295,93169100,28097894251,15.3209,2.3144,103.5886,168.4071,2.2563,0.5012,1.7551,13392206907,2.0494,63.9567,169.0901,92.892,95.7242,78.8307,131866915.2,-8.521,64.4914,0.5473,SPY
3/16/2016,173.2025195,129303200,28172513002,15.8802,2.2872,124.274,168.8638,2.3485,0.4747,1.8738,13521510107,2.1809,66.0136,169.8615,94.5319,94.3224,79.1352,146119025,-4.5759,64.6287,0.7665,SPY
3/17/2016,174.3013334,134278500,28241290564,16.8021,2.2735,143.2279,169.3816,2.4817,0.4863,1.9954,13655788607,2.4277,68.1703,170.6115,94.6668,93.9537,79.2646,160549655.6,-5.0419,71.9484,0.565,SPY
3/18/2016,174.9824263,138372400,28266707136,17.824,2.1842,154.9605,169.9151,2.6121,0.4933,2.1187,13794161007,2.4944,69.4638,171.4516,94.6309,95.6166,86.8922,159944763.3,-3.5324,73.5245,0.2143,SPY
3/21/2016,175.2307073,72926700,28305089068,18.8188,2.0979,135.059,170.4213,2.7042,0.4684,2.2358,13867087707,2.558,69.9433,172.2263,95.2258,96.1071,86.3601,157369307.1,-3.1043,75.1971,0.5263,SPY
3/22/2016,175.1365295,97471900,28323878545,19.8293,2.0496,115.7195,170.8704,2.7381,0.4018,2.3363,13769615807,3.6343,69.4975,172.8734,95.6634,95.2666,80.0558,147987880.8,-7.5634,70.1593,0.4819,SPY
3/23/2016,173.9807182,81052500,28267388752,20.4282,1.998,73.2464,171.1666,2.6413,0.244,2.3973,13688563307,2.4444,64.0978,173.4408,93.4056,88.8431,74.6583,112722555.9,-22.8029,65.2514,-0.6818,SPY
3/24/2016,173.9036534,84360900,28346995853,20.2488,1.9451,39.1838,171.4273,2.5292,0.1055,2.4237,13604202407,2.3169,63.7422,175.7102,88.6827,81.9382,68.3472,113377858.9,-23.819,66.9387,0.7887,SPY
3/28/2016,174.0064014,62408200,28342111816,20.3491,1.8765,51.4928,171.6729,2.4207,-0.0024,2.4231,13666610607,0.7515,64.0288,175.6504,82.5842,76.9713,67.5744,101784847.6,-22.4643,63.5299,-0.3217,SPY
3/29/2016,175.6159777,92922900,28426557231,20.9383,1.9168,77.1692,172.0484,2.4365,0.0107,2.4257,13759533507,1.814,68.2605,172.7222,80.9979,84.0841,75.3346,114658079.8,-1.4643,69.1316,0.8281,SPY
3/30/2016,176.3865313,86365300,28398219742,21.9963,1.8869,140.7509,172.4616,2.4826,0.0455,2.4371,13845898807,2.4277,70.0754,172.7823,83.4601,89.325,75.2515,100484466.4,-8.0963,67.5194,-0.2187,SPY
3/31/2016,175.9584503,94584100,28336915521,22.8136,1.8182,118.1993,172.7946,2.4563,0.0153,2.441,13751314707,1.5912,67.7573,172.9555,88.2819,91.4364,67.2792,66045330.17,-16.1301,63.9822,-0.3611,SPY
4/1/2016,177.1570721,114423500,28435406578,22.7446,1.8815,114.3383,173.2101,2.5033,0.0499,2.4534,13865738207,1.6384,70.6818,173.1219,90.5519,90.8942,66.792,77290535.17,-3.0911,68.3589,0.8133,SPY
4/4/2016,176.5834452,63497000,28410653355,22.6805,1.8193,118.3078,173.5314,2.4658,0.0099,2.4559,13802241207,0.915,67.5253,173.3753,90.5851,89.4247,66.5839,66988408.57,-12.5049,70.1368,-0.4915,SPY
4/5/2016,174.8197529,99662200,28336222387,21.4906,1.8343,25.9153,173.6541,2.2677,-0.1506,2.4183,13702579007,-0.2345,58.8266,173.6135,86.7552,79.9469,66.1757,33001466.05,-44.5634,60.6902,-0.2025,SPY
4/6/2016,176.7289911,91839800,28422939154,20.492,1.8568,67.0189,173.9469,2.2389,-0.1435,2.3824,13794418807,0.9093,64.2026,173.8374,81.9698,76.5377,65.2679,43689282.3,-13.3185,65.4869,0.8884,SPY
4/7/2016,174.6142697,113859000,28388366611,19.0895,1.9278,-36.4265,174.0105,2.0221,-0.2882,2.3103,13680559807,0.3642,55.5507,177.3454,72.4998,61.0146,55.961,33089463.29,-59.0742,55.627,-0.4818,SPY
4/8/2016,175.0851614,95040600,28353806537,17.9376,1.9112,0.211,174.1128,1.8668,-0.3548,2.2216,13775600407,0.6794,56.9422,177.2761,65.7084,59.5728,54.4451,14748653.42,-48.8889,53.7828,-0.4242,SPY
4/11/2016,174.674207,83757500,28278579882,16.9864,1.9068,-6.3281,174.1663,1.6911,-0.4244,2.1155,13691842907,0.3838,55.3148,177.2081,55.1135,44.753,48.2014,-18030945.81,-57.7777,49.6201,-0.5694,SPY
4/12/2016,176.30091,115350600,28364074886,15.9742,1.9265,35.0164,174.3696,1.6639,-0.3613,2.0252,13807193507,0.39,60.1676,177.1415,53.7465,56.9136,56.5485,-2598648.907,-22.5926,48.8162,0.6667,SPY
4/13/2016,178.081729,96336400,28445118998,16.0103,1.9222,165.7117,174.7231,1.7657,-0.2076,1.9733,13903529907,0.9611,64.6887,173.878,58.1174,72.6857,63.3348,29737567.12,-1.5724,54.638,0.7936,SPY
4/14/2016,178.0902863,65212900,28433379242,16.2783,1.8461,166.2829,175.0438,1.826,-0.1178,1.9438,13968742807,1.2116,64.7094,173.9638,72.7907,88.7729,69.3666,36527226.82,-9.5163,56.838,-0.06,SPY
4/15/2016,177.8933725,75761600,28432395920,16.3847,1.7613,127.764,175.3152,1.8367,-0.0857,1.9224,13892981207,0.4156,63.7816,174.149,84.4512,91.8951,63.7809,35671282.89,-13.2259,52.3596,-0.2987,SPY
4/18/2016,179.1433743,75277700,28505032692,17.0152,1.7749,141.7545,175.6798,1.9239,0.0012,1.9227,13968258907,1.4497,67.0149,174.3269,90.9573,92.2039,63.3265,55189980.37,-0.6461,61.0777,0.6404,SPY
4/19/2016,179.708432,88316100,28551292919,18,1.7252,156.4441,176.0635,2.0154,0.0741,1.9413,14056575007,2.7964,68.3887,174.6179,92.6895,93.9695,63.4261,72876794.21,-4.2195,65.0937,0.127,SPY
4/20/2016,179.8796747,81100300,28545462970,19.2074,1.6955,137.4221,176.4269,2.0778,0.1092,1.9686,14137675307,1.7828,68.8126,175.0457,93.6869,94.8873,70.5688,71632162,-10.4724,70.4447,0.098,SPY
4/21/2016,178.9122071,85695000,28494046591,19.7353,1.6723,87.2238,176.6636,2.0258,0.0458,1.98,14051980307,2.4614,63.6215,175.5993,91.8861,86.8013,62.8677,48251222.69,-24.9042,61.8661,-0.7187,SPY
4/22/2016,178.9122071,99251700,28547269301,19.6633,1.6372,58.1121,176.8778,1.9619,-0.0145,1.9764,14051980307,2.1858,63.6215,176.0976,87.1984,79.9064,56.0406,51234316.8,-24.9042,59.7482,0.3043,SPY
4/25/2016,178.6039888,66166500,28607527782,19.3216,1.6077,36.1328,177.0422,1.865,-0.0891,1.9541,13985813807,2.2498,61.8963,176.546,80.0903,73.5633,57.4949,66970161.15,-29.5019,63.352,0.3125,SPY
4/26/2016,178.8693965,75864200,28604911193,19.4605,1.5638,56.0786,177.2162,1.7889,-0.1321,1.9211,14061678007,1.4569,62.831,176.9495,75.6067,73.3504,56.9839,66486804.6,-25.5428,61.5373,-0.1034,SPY
4/27/2016,179.237553,77329400,28641818995,19.3443,1.5598,57.0661,177.4087,1.7383,-0.1462,1.8845,14139007407,0.649,64.1448,177.3128,73.7724,74.4034,65.2199,71988204.34,-21.745,59.7216,0.5,SPY
4/28/2016,177.6108372,97216200,28578627916,18.422,1.6196,-5.9937,177.4279,1.5491,-0.2683,1.8175,14041791207,-0.2692,54.909,180.5817,71.9903,68.2171,57.1087,47588142.48,-48.0609,51.8384,-0.3607,SPY
4/29/2016,176.6519399,142424100,28612538319,17.831,1.6519,-149.4745,177.354,1.3067,-0.4086,1.7153,13899367107,-0.6979,50.3104,180.5139,66.0536,55.5402,54.4067,44069777.93,-63.5733,53.7572,-0.1857,SPY
5/2/2016,178.056045,62188000,28659970315,16.6242,1.647,-77.3777,177.4209,1.2139,-0.4011,1.615,13961555107,-0.607,56.1072,180.3149,56.617,46.0936,52.4219,53716102.22,-50.0848,59.0822,0.5932,SPY
5/3/2016,176.506394,101267500,28675960278,16.1289,1.6939,-167.5897,177.3338,1.0038,-0.489,1.4928,13860287607,-1.7818,49.2749,180.1239,45.6032,35.1757,44.1855,57866759.25,-80.8149,53.4735,-0.2368,SPY
5/4/2016,175.5217999,92243800,28659832927,16.1046,1.6793,-178.0416,177.1612,0.7492,-0.5949,1.3441,13768043807,-2.4227,45.4851,179.9405,35.7761,26.0591,37.9062,49172710.86,-90.9231,50.4218,0.014,SPY
5/5/2016,175.4875585,67619200,28636994802,15.9921,1.6517,-135.4313,177.0018,0.5384,-0.6445,1.1829,13700424607,-1.9142,45.3545,179.645,24.492,12.2412,43.6953,33879132.26,-91.5384,49.1736,-0.3907,SPY
5/6/2016,176.1296801,83784900,28716346370,16.1958,1.6493,-109.1549,176.9188,0.4183,-0.6117,1.03,13784209507,-1.5552,48.3505,179.3673,17.6195,14.5583,37.2429,49790973.42,-73.8637,50.7074,0.8783,SPY
5/9/2016,176.275226,74374900,28717776881,15.9193,1.5951,-64.7752,176.8575,0.3311,-0.5591,0.8902,13858584407,-1.3039,49.0325,178.9823,15.9497,21.0497,36.4387,52229073.35,-71.4489,54.2444,0.3077,SPY
5/10/2016,178.4669994,77472200,28793555363,15.2059,1.6389,29.4855,177.0108,0.4339,-0.3651,0.799,13936056607,-0.225,58.0228,178.6281,25.9171,42.1433,36.1991,72589715.39,-28.2575,61.1313,0.9454,SPY
5/11/2016,176.7974858,81727000,28711828363,14.455,1.6466,5.3057,176.9905,0.3763,-0.3382,0.7144,13854329607,-1.3614,50.6884,174.5543,37.1172,48.1585,36.3454,48315958.46,-55.8179,52.4309,-0.6912,SPY
5/12/2016,176.8488538,89586300,28722815141,13.7776,1.6587,-24.4716,176.977,0.3309,-0.3068,0.6377,13943915907,-0.429,50.8941,174.6341,48.0027,53.7061,36.6732,37489218.38,-54.8061,54.8895,-0.3443,SPY
5/13/2016,175.3077593,96474600,28655904607,13.6924,1.6918,-76.6183,176.818,0.1687,-0.3752,0.5439,13847441307,-0.7609,44.85,174.7123,45.5344,34.7385,35.7959,8362271.45,-85.1604,51.0157,-0.5847,SPY
5/16/2016,177.0372103,77486800,28697969017,13.2904,1.7288,-12.2262,176.8389,0.1776,-0.293,0.4707,13924928107,-0.5722,51.7719,174.789,41.5857,36.3124,35.831,9070625.971,-51.0962,55.4045,0.7429,SPY
5/17/2016,175.3848233,114924900,28638495006,13.2857,1.7625,-75.7463,176.7004,0.0508,-0.3359,0.3867,13810003207,-0.6354,45.8507,178.5441,32.5992,26.7467,28.5776,-10387743.75,-83.5034,48.4313,-0.6265,SPY
5/18/2016,175.4361913,120062100,28633548624,13.6041,1.7999,-93.679,176.58,-0.0451,-0.3454,0.3003,13930065307,-0.0488,46.0572,178.4702,31.183,30.4899,28.1034,-18977494.5,-73.9307,49.238,0.176,SPY
5/19/2016,174.8283102,115430500,28704381349,14.3322,1.8016,-150.4473,176.4132,-0.1682,-0.3748,0.2066,13814634807,-0.3757,43.9221,178.3051,26.5476,22.4062,28.7385,1771428.532,-75.3472,46.6499,0.0795,SPY
5/20/2016,175.9327663,104990400,28706074989,13.8853,1.7891,-19.9766,176.3674,-0.1746,-0.305,0.1304,13919625207,-0.1118,48.5857,178.0235,28.4955,32.5903,31.0539,10637471.05,-52.9512,50.8243,0.4597,SPY
5/23/2016,175.6930426,58682600,28677769863,13.4702,1.7133,-27.6349,176.3032,-0.1967,-0.2617,0.065,13860942607,-0.3303,47.6592,177.7588,30.9865,37.9631,32.1155,4291268.872,-57.8123,49.5205,-0.3529,SPY
5/24/2016,177.9704236,93537800,28738345927,13.3575,1.7762,120.2257,176.462,-0.0302,-0.0761,0.0459,13954480407,-0.2782,56.2033,173.6126,43.2516,59.2015,39.5622,20579182.18,-11.6319,58.5278,0.8095,SPY
5/25/2016,179.1776157,76621400,28775446599,13.9612,1.7655,176.1226,176.7206,0.197,0.1208,0.0762,14031101807,1.3462,59.9366,173.7061,57.2266,74.5152,40.0586,37176344.08,-7.0101,58.5397,0.3211,SPY
5/26/2016,179.2289829,55280700,28775445404,14.5218,1.6846,155.6399,176.9595,0.3768,0.2405,0.1363,14086382507,1.3459,60.0925,173.9417,75.1507,91.7354,45.4791,40586044.18,-6.1518,61.0738,-0.1351,SPY
5/27/2016,179.9995365,59329000,28833253906,15.2884,1.62,145.3911,177.249,0.5748,0.3508,0.224,14145711507,2.6763,62.4526,174.1679,87.2729,95.5681,44.8619,56684895.48,-0.1338,65.3996,0.9103,SPY
5/31/2016,179.6570639,109879400,28819427886,16.1989,1.5966,121.7102,177.4784,0.6961,0.3777,0.3184,14035832107,1.4798,60.7335,174.5183,93.8755,94.3228,37.4413,53718428.48,-10.746,62.4005,-0.4768,SPY
6/1/2016,180.0252205,69936200,28870891041,16.809,1.5798,99.9449,177.7209,0.8126,0.3953,0.4173,14105768307,2.6458,61.9462,174.9876,94.8315,94.6035,37.7699,63996020.75,-5.3097,66.0521,0.7233,SPY
6/2/2016,180.5731643,63044700,28932444369,17.5972,1.5703,96.9946,177.9926,0.9383,0.4168,0.5215,14168813007,2.9281,63.7411,175.4194,94.4976,94.5664,43.8269,81967820.02,-0.2453,71.1959,0.6568,SPY
6/3/2016,180.0337779,101757100,28988605083,17.999,1.5835,72.1244,178.187,0.9831,0.3693,0.6138,14067055907,2.9775,60.7057,175.9365,94.8866,95.4899,43.5579,99737617.71,-7.9754,70.0908,0.0164,SPY
6/6/2016,180.9498774,64887000,29010234598,18.9184,1.5615,95.9406,178.4501,1.08,0.373,0.707,14131942907,2.8517,63.854,176.4019,95.2529,95.7025,43.0441,104822142.6,-4.6718,69.7334,0.5159,SPY
6/7/2016,181.2323997,60974800,28975390963,20.0366,1.5105,103.1808,178.7151,1.1662,0.3673,0.7989,14192917707,3.1529,64.7909,176.9908,94.8918,93.483,50.3351,86286278.85,-6.9038,69.2312,0.1786,SPY
6/8/2016,181.8231533,66170900,29017643293,21.1585,1.454,108.3668,179.0111,1.2676,0.375,0.8926,14259088607,2.1648,66.7327,177.6637,94.9379,95.6281,58.7658,84303141.44,-1.5401,69.5776,0.6386,SPY
6/9/2016,181.5748723,73786900,29071371742,21.7077,1.4223,95.0449,179.2553,1.3127,0.3361,0.9766,14185301707,1.3379,65.1076,178.3498,94.7939,95.2706,60.8593,92923351.61,-5.7441,72.5787,0.5534,SPY
6/10/2016,179.8539907,113829200,29059433275,20.7314,1.4828,13.1598,179.3123,1.1959,0.1754,1.0205,14071472507,0.3487,55.0927,178.9261,92.5417,86.7264,50.5946,84203620.65,-32.5365,62.4773,-0.2727,SPY
6/13/2016,178.4669994,117751200,28953339624,19.4205,1.5004,-75.9204,179.2318,0.98,-0.0323,1.0124,13953721307,-0.8514,48.6035,181.9516,82.6575,65.9754,47.9079,39224512.56,-63.7932,52.1936,-0.4505,SPY
6/14/2016,178.1159695,125059300,28982198183,19.0462,1.5045,-163.0908,179.1255,0.7718,-0.1925,0.9643,13828662007,-0.8578,47.0917,181.8802,64.6417,41.2234,38.632,26440372.44,-80.0001,50.2758,0.022,SPY
6/15/2016,177.8676885,109124500,28899311358,18.2629,1.509,-131.3465,179.0057,0.58,-0.3074,0.8874,13719537507,-1.1985,46.0018,181.6913,43.625,23.6761,40.2793,-7566253.872,-85.1786,43.5639,-0.1585,SPY
6/16/2016,178.3985047,149533100,29028771771,18.5372,1.5834,-153.1406,178.9479,0.4655,-0.3375,0.803,13869070607,-1.2043,48.7337,181.5099,29.9595,24.9789,33.0746,20401735.23,-59.8846,52.6191,0.2081,SPY
6/17/2016,177.7379337,117055700,29036038200,18.792,1.5648,-118.6621,178.8327,0.3178,-0.3882,0.706,13752014907,-1.2752,45.6392,181.1804,25.5426,27.9729,35.8918,32300527.78,-71.0181,50.9683,-0.4483,SPY
6/20/2016,178.8825773,82789600,28962151237,17.4502,1.643,-15.6391,178.8374,0.2897,-0.333,0.6227,13834804507,-1.1425,51.3981,180.8707,30.6919,39.1238,42.9318,10722315.76,-51.7259,48.696,-0.5215,SPY
6/21/2016,179.3903473,72461700,28973593013,16.2042,1.5957,-15.1298,178.8901,0.305,-0.2542,0.5592,13907266207,-1.0164,53.7394,180.5795,37.2643,44.6961,42.854,4560674.507,-43.1678,51.1739,0.1228,SPY
6/22/2016,179.0977355,95560500,28898728634,15.3898,1.5783,-5.8586,178.9098,0.2901,-0.2153,0.5054,13811705707,-1.4989,52.1795,180.3973,45.3851,52.3356,44.2215,-22195087.97,-48.0996,50.5095,-0.3503,SPY
6/23/2016,181.4300441,102731400,28993755521,15.3745,1.6358,76.8279,179.1499,0.4612,-0.0354,0.4965,13914437107,-0.0798,61.718,176.0184,54.5597,66.6475,51.8366,-887064.2424,-8.7902,56.4168,0.625,SPY
6/24/2016,174.9150582,333444400,28702966057,16.1493,2.0188,-130.7247,178.7466,0.0702,-0.341,0.4113,13580992707,-2.7461,38.5728,181.4817,56.2266,49.6967,39.3279,-84613423.58,-94.0202,42.6669,-0.048,SPY
6/27/2016,171.7823549,230775800,28620826791,17.8906,2.1567,-268.1803,178.0833,-0.4867,-0.7184,0.2317,13350216907,-3.7456,32.3002,181.4817,50.4071,34.8771,32.314,-137308207.7,-92.5583,35.5994,-0.6746,SPY
6/28/2016,174.880626,159382400,28775677143,18.7328,2.2258,-146.875,177.7783,-0.6704,-0.7217,0.0512,13509599307,-1.8164,42.2948,181.4645,33.7375,16.6388,35.5064,-97112033.81,-63.5053,42.4022,0.8152,SPY
6/29/2016,177.8584223,137328600,28879451584,18.0448,2.2961,-20.9806,177.7859,-0.5692,-0.4963,-0.0728,13646927907,-0.0052,49.9436,181.0445,29.3369,36.4949,41.436,-38820637.46,-34.4516,47.9,0.8235,SPY
6/30/2016,180.2854005,165021900,29037828628,16.9443,2.3153,68.1297,178.024,-0.2897,-0.1735,-0.1162,13811949807,1.0577,55.1604,180.6413,38.8966,63.5561,48.728,38947687.52,-11.3748,52.4908,0.7617,SPY
7/1/2016,180.6640807,106055300,29043131164,16.2039,2.2237,106.2295,178.2754,-0.0373,0.0632,-0.1004,13918005107,1.6463,55.9321,170.9647,60.7281,82.1332,54.4314,68908473.72,-7.7741,54.5777,0.3667,SPY
7/5/2016,179.36453,109803700,29045535553,15.0911,2.2007,48.6939,178.3791,0.0573,0.1262,-0.0689,13808201407,0.2694,52.5872,171.1685,77.532,86.9067,54.8308,75665785.21,-20.1309,50.127,-0.3942,SPY
7/6/2016,180.4403213,96021500,29131744725,14.1992,2.212,56.1778,178.5754,0.2165,0.2283,-0.0118,13904222907,0.5853,54.987,171.3683,85.4792,87.3978,54.5455,98981623.24,-9.9017,64.2729,0.6679,SPY
7/7/2016,180.3284347,85593800,29122422535,13.6439,2.1781,70.2966,178.7424,0.3299,0.2733,0.0565,13818629107,0.6872,54.6771,171.564,86.8795,86.3339,60.9392,96555439.81,-10.9656,68.7496,-0.1683,SPY
7/8/2016,183.0136054,133971000,29220418898,13.811,2.2322,126.7587,179.1492,0.6291,0.4581,0.171,13952600107,0.8728,60.4406,171.9531,88.6998,92.3677,61.3591,117965804,-2.0294,68.8763,0.7407,SPY
7/11/2016,183.6590802,73633900,29205954173,14.2751,2.16,142.2573,179.5787,0.9079,0.5895,0.3184,14026234007,4.999,61.7014,172.6317,90.9739,94.22,61.2085,111398013,-4.3451,65.9334,0.1875,SPY
7/12/2016,184.9930639,101275600,29269318674,15.0301,2.1226,144.3629,180.0943,1.2224,0.7232,0.4992,14127509607,7.6904,64.2381,173.56,94.5874,97.1744,65.6238,118745529.2,-2.1021,63.9989,0.2246,SPY
7/13/2016,184.9672458,87324100,29272493566,15.771,2.0386,124.4086,180.5584,1.4528,0.7629,0.6899,14040185507,5.7677,64.1495,174.7335,96.0646,96.7993,65.524,111966476.2,-3.1548,64.3298,-0.4727,SPY
7/14/2016,186.0000028,91230900,29264362947,16.7841,2.0005,125.3113,181.0767,1.6991,0.8074,0.8918,14131416407,4.5776,66.1593,176.0163,97.068,97.2303,65.3602,96427441.69,-3.0522,66.9424,-0.2772,SPY
7/15/2016,185.7504253,107155400,29222762059,17.5531,1.9621,104.0129,181.5218,1.8529,0.7689,1.084,14024261007,3.0313,65.2079,177.4803,96.6061,95.7887,73.7967,68067786.61,-6.427,64.2678,-0.5588,SPY
7/18/2016,186.2495942,58725900,29257492384,18.2672,1.8792,93.8083,181.9721,1.992,0.7264,1.2656,14082986907,3.0917,66.2531,178.966,96.2002,95.5816,85.539,61328686.82,-3.7759,69.0443,0.4731,SPY
7/19/2016,186.0602532,54345700,29304592969,18.9079,1.7929,81.0472,182.3614,2.0632,0.6381,1.4251,14028641207,3.733,65.4499,180.214,95.2485,94.375,80.5995,67982996.94,-6.672,63.7062,0.45,SPY
7/20/2016,186.8348177,58159500,29335151285,19.866,1.7374,89.1236,182.7874,2.1573,0.5857,1.5716,14086800707,3.5438,67.2017,181.2623,95.2035,95.654,79.5205,74248042.87,-2.5902,64.728,0.7627,SPY
7/21/2016,186.1291055,67777300,29315325608,20.4889,1.7036,70.9915,183.1057,2.1501,0.4629,1.6873,14019023407,3.2167,64.017,182.3087,94.4617,93.3562,72.3887,63753024.28,-10.6692,58.4036,-0.4694,SPY
7/22/2016,186.9639204,62787500,29371834552,21.0954,1.6557,74.7374,183.4731,2.1866,0.3995,1.7871,14081810907,2.1585,66.0657,183.1668,94.7234,95.1599,71.448,71643996.51,-1.2608,62.6031,0.6917,SPY
7/25/2016,186.4561375,55873100,29385674152,21.5708,1.6155,62.4111,183.7572,2.1498,0.2901,1.8597,14025937807,1.523,63.6903,183.8704,94.0705,93.6955,74.6194,72762539.99,-6.9835,61.8369,-0.3211,SPY
7/26/2016,186.5422059,70080500,29414004854,21.8635,1.5868,57.8741,184.0225,2.1032,0.1949,1.9084,14096018307,0.8374,63.9271,184.4474,94.5809,94.8873,67.7243,75619664.04,-7.0938,65.5944,0.156,SPY
7/27/2016,186.3442638,84083900,29421649262,22.0315,1.5749,49.681,184.2436,2.0271,0.0949,1.9321,14011934407,0.7445,62.9112,184.9205,93.197,91.0082,60.1221,72346284.19,-12.8982,63.6131,-0.4061,SPY
7/28/2016,186.5594221,65035700,29454167423,22.1875,1.546,52.816,184.4642,1.9614,0.0234,1.938,14076970107,0.3008,63.5885,185.3084,91.5689,88.8112,57.5698,74776926.87,-13.5745,63.1511,0.3529,SPY
7/29/2016,186.8606359,79519400,29486313386,22.5466,1.5223,95.5928,184.6924,1.9117,-0.021,1.9327,14156489507,0.5977,64.5642,185.5697,89.1963,87.7695,57.858,79201639.15,-10.2189,63.3289,0.4681,SPY
8/1/2016,186.7057279,73311400,29475671677,22.936,1.4897,105.929,184.8841,1.8386,-0.0753,1.9139,14083178107,0.2449,63.62,185.6816,87.1593,84.8972,56.7413,70425601.54,-21.515,63.3015,-0.2016,SPY
8/2/2016,185.5094489,92295500,29463419913,21.8106,1.529,-169.6142,184.9437,1.6649,-0.1992,1.8641,13990882607,-0.296,56.7215,187.3168,79.7871,66.6948,47.951,56534788.17,-68.1818,57.9076,-0.4867,SPY
8/3/2016,186.0516391,53993600,29510663608,20.7656,1.4887,-113.4419,185.0492,1.5531,-0.2488,1.8019,14044876207,-0.4192,58.8969,187.3168,68.5946,54.1919,45.9781,60744741.26,-47.7275,60.5432,0.625,SPY
8/4/2016,186.2495942,46585500,29543623488,19.403,1.5379,-111.6252,185.1635,1.4636,-0.2706,1.7342,14091461707,0.0647,59.6935,187.2638,56.6978,49.2068,48.994,67431980.24,-36.4704,65.8412,0.0395,SPY
8/5/2016,187.7729051,71892200,29611565313,18.8264,1.5399,178.4474,185.412,1.4983,-0.1887,1.6871,14163353907,0.4327,65.2713,184.3906,58.3046,71.5153,49.7357,85655342.22,-1.2564,70.8532,0.9725,SPY
8/8/2016,187.6610314,39906500,29603379200,18.461,1.4778,196.0044,185.6262,1.4995,-0.15,1.6495,14123447407,0.6462,64.5647,184.3906,68.1591,83.7554,54.8533,82718832.42,-11.007,68.6618,-0.4487,SPY
8/9/2016,187.7729051,51251700,29592701033,18.2657,1.4313,164.8344,185.8307,1.4923,-0.1258,1.6181,14174699107,0.6597,64.9731,184.5376,82.2987,91.6254,54.5279,70600040.47,-12.8604,66.2123,0.0521,SPY
8/10/2016,187.3081685,57941100,29575368592,17.6183,1.401,92.7256,185.9714,1.4326,-0.1484,1.581,14116758007,0.5173,61.7874,184.7617,86.3824,83.7663,55.0981,53709299.72,-24.8336,65.5256,-0.5726,SPY
8/11/2016,188.1774035,72504300,29605394668,17.3699,1.3808,133.3274,186.1815,1.4388,-0.1138,1.5526,14189262307,0.8673,65.2221,184.9723,86.922,85.3742,55.602,51470539.1,-6.1835,69.6787,0.3939,SPY
8/12/2016,188.0138944,61313500,29624129467,17.1392,1.3265,99.9053,186.356,1.4142,-0.1107,1.5249,14127948807,0.6172,64.0557,185.2487,85.13,86.2495,55.2427,51836614.92,-10.2344,68.3704,0.2361,SPY
8/15/2016,188.5560838,49813500,29608059421,17.4431,1.2957,129.1061,186.5655,1.4221,-0.0822,1.5043,14177762307,0.9911,66.2133,185.5029,87.8493,91.9241,62.0355,42160757.53,-7.8096,64.3531,0.3226,SPY
8/16/2016,187.5835779,53213600,29554845821,16.8946,1.2726,55.1018,186.6625,1.3345,-0.1359,1.4704,14124548707,1.1181,59.3336,185.8435,87.4604,84.2076,64.2013,17438056.09,-29.3332,52.6949,-0.8889,SPY
8/17/2016,187.9364271,75134300,29614057170,15.7382,1.2745,33.9422,186.7838,1.2788,-0.1533,1.4321,14199683007,1.013,60.9202,186.1501,85.5254,80.4444,56.0594,24578920.39,-21.5239,58.0271,0.245,SPY
8/18/2016,188.3581425,52989300,29660903742,14.8432,1.2259,76.0062,186.9338,1.2542,-0.1423,1.3965,14252672307,1.1321,62.7888,186.426,81.2121,78.9841,54.717,40171463.36,-12.1905,61.4898,0.7536,SPY
8/19/2016,188.082733,75443000,29704973205,13.9258,1.2072,47.4174,187.0432,1.1987,-0.1582,1.3569,14177229307,0.165,60.746,186.6743,80.6984,82.6666,45.9963,56920381.36,-18.2858,65.1289,0.2277,SPY
8/22/2016,188.0741319,61368800,29732177460,13.0321,1.1806,45.6703,187.1414,1.1409,-0.1728,1.3137,14115860507,0.2201,60.6796,186.8977,81.7777,83.6825,55.1307,67253530.6,-18.4762,65.5425,0.2784,SPY
8/23/2016,188.4528121,53399200,29689458985,12.6532,1.162,129.7922,187.2663,1.1128,-0.1608,1.2735,14169259707,0.3621,62.6169,187.0989,83.3899,83.8207,55.1427,51774528.61,-11.7758,62.5057,-0.4,SPY
8/24/2016,187.4889074,71728900,29663081635,12.4089,1.178,-56.5851,187.2875,1.0012,-0.2179,1.2191,14097530807,0.0965,55.1661,188.995,79.711,71.6297,53.4786,32342641.25,-54.8589,57.1758,-0.6129,SPY
8/25/2016,187.3598047,69224800,29662367336,12.2804,1.1535,-127.8466,187.2944,0.892,-0.2616,1.1537,14028306007,-0.4345,54.2353,188.995,69.5637,53.2405,45.1665,21225715.63,-73.6437,59.652,0.3093,SPY
8/26/2016,187.0069418,122506300,29628645646,12.8107,1.2475,-134.2874,187.267,0.7682,-0.3084,1.0766,13905799707,-0.5356,51.6691,188.9131,53.017,34.1806,36.8638,4018643.51,-68.9555,51.6063,-0.2195,SPY
8/29/2016,187.927826,70502200,29664729891,13.3031,1.2432,-25.0269,187.3299,0.7359,-0.2725,1.0084,13976301907,-0.3332,57.3419,188.745,42.5166,40.1286,38.1451,8095406.07,-37.015,52.8453,0.7244,SPY
8/30/2016,187.6179972,58114500,29667541812,13.795,1.2307,-59.5649,187.3574,0.6775,-0.2648,0.9422,13918187407,0.0183,55.0027,188.587,41.0218,48.7561,38.1357,9921928.663,-47.7613,52.0854,-0.2097,SPY
8/31/2016,187.0844091,85269500,29703515510,14.8379,1.2368,-164.5405,187.3314,0.5814,-0.2886,0.8701,13832917907,-0.4534,51.134,188.4385,46.1788,49.6517,30.0818,21213325.56,-66.2686,51.24,-0.1797,SPY
9/1/2016,187.0930102,97844200,29762222306,16.0745,1.253,-151.2314,187.3087,0.5002,-0.2959,0.7961,13930762107,-0.6717,51.1936,188.2989,46.5876,41.3551,28.9951,42583484.42,-61.9048,55.0759,0.0118,SPY
9/2/2016,187.9364271,79293900,29773743526,16.0177,1.2545,43.1183,187.3685,0.4982,-0.2383,0.7365,14010056007,-0.0778,56.7619,185.9225,45.5992,45.7909,31.0253,51120439.02,-34.454,58.069,-0.0171,SPY
9/6/2016,188.5044484,56702100,29822345648,15.7239,1.2423,88.7087,187.4766,0.5362,-0.1602,0.6965,14066758107,0.2288,60.0663,185.9225,49.9014,62.5582,36.4413,65429828.27,-15.9666,62.4729,0.2619,SPY
9/7/2016,188.4872323,76554900,29863950497,15.3516,1.2101,97.1808,187.5729,0.5586,-0.1103,0.6689,13990203207,0.0183,59.9168,186.0289,62.0111,77.6842,43.8332,78573409.74,-16.5269,67.4034,0.1848,SPY
9/8/2016,188.0569158,74102900,29857383921,15.132,1.1766,56.1495,187.619,0.5354,-0.1068,0.6422,13916100307,0.303,56.1556,186.1873,73.0779,78.9914,37.9021,74717927.08,-30.5325,64.5683,-0.1392,SPY
9/9/2016,183.5558085,221589100,29639311992,17.4942,1.4159,-294.8473,187.232,0.152,-0.3921,0.5442,13694511207,-2.0303,32.8949,188.668,69.2711,51.1377,33.3819,-3038377.523,-99.5276,44.8043,-0.9762,SPY
9/12/2016,186.189343,168110900,29772306243,19.9763,1.5914,-173.0229,187.1327,0.06,-0.3873,0.4473,13862622107,-0.4372,46.784,188.5652,57.2898,41.7404,38.737,7744794.016,-44.7189,53.9478,0.8778,SPY
9/13/2016,183.5127743,182828800,29690205440,22.2811,1.7138,-195.0651,186.788,-0.2262,-0.5389,0.3126,13679793307,-2.3493,38.1431,188.3314,38.6335,23.0225,31.5573,-14670963.77,-86.686,46.6192,-0.6075,SPY
9/14/2016,183.4439219,134185500,29635310748,24.4213,1.7266,-148.2706,186.4695,-0.4534,-0.6128,0.1594,13545607807,-2.2248,37.9489,188.107,30.56,26.9171,30.2893,-39973815.42,-87.8438,44.1235,-0.0636,SPY
9/15/2016,185.2770746,134427900,29729139834,25.3596,1.7865,-81.0177,186.3559,-0.4801,-0.5116,0.0315,13680035707,-0.9661,45.8524,187.8916,24.2523,22.8171,37.603,-16836289.62,-57.0188,46.9869,0.7785,SPY
9/16/2016,184.5645255,155236400,29795667383,26.2309,1.7592,-77.0674,186.1853,-0.5523,-0.467,-0.0852,13524799307,-1.3515,43.5314,187.6848,26.1489,28.7123,36.8799,15327490.21,-69.0005,46.7776,-0.0982,SPY
9/19/2016,184.5991332,80250500,29748384983,25.9103,1.7478,-48.7042,186.0342,-0.5998,-0.4116,-0.1882,13605049807,-1.7758,43.6805,187.4862,28.9056,35.1874,37.2199,12047591.88,-68.4186,44.7405,-0.3892,SPY
9/20/2016,184.607778,69665300,29683324881,25.6127,1.6977,-41.3193,185.8984,-0.6295,-0.3531,-0.2764,13674715107,-2.0672,43.7205,187.2956,31.7785,31.4359,41.2737,-11090361.73,-68.2732,49.3223,-0.8182,SPY
9/21/2016,186.6837799,110284400,29775725985,24.1281,1.7377,10.1348,185.9732,-0.48,-0.1629,-0.3171,13784999507,-0.9568,52.4496,187.1126,36.6459,43.3145,47.3976,9852677.709,-33.3647,48.0505,0.61,SPY
9/22/2016,187.8601645,76678700,29786945497,23.0694,1.7193,81.8032,186.1529,-0.2636,0.0429,-0.3064,13861678207,-0.1046,56.5612,182.721,45.4478,61.5929,52.8046,21094431.64,-13.5835,54.6453,0.2195,SPY
9/23/2016,186.8308278,73630900,29729513395,21.5056,1.6768,53.863,186.2175,-0.1731,0.1067,-0.2798,13788047307,1.7842,52.2999,182.8298,59.6535,74.0533,48.0239,5501804.735,-30.892,53.6581,-0.73,SPY
9/26/2016,185.317082,89827300,29673556850,20.9903,1.6793,-6.2083,186.1317,-0.221,0.047,-0.268,13698220007,-0.4685,46.7247,182.9365,67.3463,66.3928,43.5841,-19181516.59,-56.3461,44.4713,-0.6393,SPY
9/27/2016,186.4675305,78494800,29743669769,20.2006,1.6867,27.8274,186.1637,-0.1642,0.083,-0.2472,13776714807,1.6101,50.9999,183.041,66.64,59.4738,43.6167,-5226808.671,-34.3404,49.5036,0.7379,SPY
9/28/2016,187.393071,87411000,29816166381,18.7876,1.6966,100.658,186.2808,-0.044,0.1626,-0.2066,13864125807,2.1528,54.1851,183.1435,63.6408,65.0556,48.5845,24024203.73,-14.1466,56.7013,0.3839,SPY
9/29/2016,185.6976706,128070600,29746021665,17.8192,1.7502,43.099,186.2252,-0.0846,0.0976,-0.1822,13736055207,0.227,48.0264,183.2438,64.4223,68.7373,51.4375,11487735.25,-45.301,56.4173,-0.6078,SPY
9/30/2016,187.0989753,117202900,29754013465,16.7539,1.776,88.7888,186.3085,-0.0037,0.1428,-0.1465,13853258107,1.3732,52.8015,183.3422,69.0861,73.4653,49.8497,7857685.837,-20.1565,52.5746,0.3693,SPY
10/3/2016,186.6491731,83512100,29794100275,15.9697,1.727,46.3586,186.3409,0.0239,0.1363,-0.1124,13769746007,1.1105,51.1762,183.4386,70.2747,68.6214,53.2626,18413224.69,-28.6781,52.4043,-0.04,SPY
10/4/2016,185.6976706,119948100,29750081547,15.8783,1.7383,-5.3958,186.2796,-0.0307,0.0654,-0.0961,13649797907,0.5904,47.8227,183.5331,69.8596,67.4921,53.7417,7051511.213,-48.6891,52.913,-0.5642,SPY
10/5/2016,186.5194286,72816000,29731877889,15.7934,1.7037,40.5137,186.3025,-0.0075,0.0708,-0.0784,13722613907,-0.088,50.82,183.6257,65.8519,61.4421,51.6608,-4029582.169,-38.3064,56.1569,0.275,SPY
10/6/2016,186.6491731,62927400,29769634677,16.0684,1.6624,16.0561,186.3355,0.0211,0.0795,-0.0585,13785541307,-0.6446,51.2958,183.7165,62.3243,58.0385,55.4079,3817092.538,-38.8889,54.873,0.3154,SPY
10/7/2016,186.0090697,89788300,29752186861,16.6399,1.674,-28.028,186.3044,-0.0079,0.0405,-0.0484,13695753007,-0.4398,48.7883,183.8054,57.9163,54.2682,48.6473,1128509.632,-60.0002,50.5317,-0.5024,SPY
10/10/2016,186.9778765,51855000,29725163967,16.8041,1.657,78.0395,186.3686,0.0469,0.0762,-0.0293,13747608007,0.8962,52.5675,183.8925,56.0594,55.8715,47.9419,-8672150.664,-33.4962,56.2824,0,SPY
10/11/2016,184.6164236,130367400,29664930118,18.5501,1.7598,-166.1534,186.2017,-0.0992,-0.0559,-0.0433,13617240607,-0.9927,44.0371,188.1629,50.4549,41.225,38.4859,-31058449.77,-82.8285,47.8882,-0.7057,SPY
10/12/2016,184.8586351,73866100,29670005519,20.1713,1.7151,-161.182,186.0738,-0.1931,-0.1199,-0.0733,13691106707,-1.3525,45.0225,188.0773,44.4283,36.1884,32.4677,-35778085.67,-75.11,47.0375,0.0916,SPY
10/13/2016,184.2531264,101357000,29721961314,22.2819,1.747,-202.954,185.9004,-0.3129,-0.1917,-0.1212,13589749707,-0.7779,42.9847,187.9934,33.8621,24.1728,31.8077,-17924903.01,-69.5433,52.1705,0.3571,SPY
10/14/2016,184.3482761,93346200,29638736523,23.3148,1.726,-103.8297,185.7526,-0.3955,-0.2195,-0.176,13683095907,-1.4702,43.4181,187.7815,29.8609,29.2216,38.9182,-35472406.98,-67.682,48.0293,-0.6205,SPY
10/17/2016,183.7081866,58275700,29600523602,24.5813,1.6781,-133.2429,185.5579,-0.5068,-0.2646,-0.2422,13624820207,-1.5757,41.1519,187.5781,26.9727,27.5239,33.3752,-51584823.9,-80.203,43.3137,-0.582,SPY
10/18/2016,184.8586351,76869700,29588698313,25.0253,1.6775,-53.6627,185.4913,-0.4965,-0.2034,-0.2931,13701689907,-0.4518,46.5517,187.3828,29.4058,31.4721,32.7708,-57249329.68,-57.6987,45.1595,-0.5096,SPY
10/19/2016,185.3516767,66519200,29609165449,25.1825,1.6219,-24.1541,185.478,-0.4434,-0.1203,-0.3231,13768209107,-0.6261,48.7232,187.1953,32.3369,38.0147,40.0071,-47849872.37,-48.0542,46.0516,0.25,SPY
10/20/2016,185.0056829,73639800,29615389058,25.5459,1.5938,-37.323,185.433,-0.4243,-0.081,-0.3434,13694569307,-0.8805,47.2717,187.0154,39.0379,47.627,31.3203,-37674412.2,-51.3661,49.5772,0.007,SPY
10/21/2016,185.0921749,89089100,29690979071,26.0386,1.5615,-46.8444,185.4005,-0.3977,-0.0434,-0.3542,13783658407,-0.4929,47.6912,186.8426,45.3289,50.345,31.1914,-6035409.549,-49.5447,53.2133,0.0758,SPY
10/24/2016,185.8793253,60146600,29689546670,25.4905,1.5328,47.9381,185.4461,-0.3095,0.0358,-0.3453,13843805007,-0.5875,51.475,186.6767,51.1151,55.3734,38.3755,7000728.398,-32.9691,52.7316,-0.131,SPY
10/25/2016,185.2565261,66542300,29648290710,25.2389,1.4851,19.1544,185.4281,-0.2865,0.047,-0.3335,13777262707,0.3467,48.4865,186.5175,54.2842,57.1341,31.908,-1429632.242,-46.0839,54.4261,-0.51,SPY
10/26/2016,184.8845832,75705500,29654896831,25.5109,1.4711,-31.33,185.3763,-0.2949,0.0309,-0.3258,13701557207,0.014,46.7413,186.3646,56.0615,55.677,31.5557,-2646501.964,-53.9162,56.722,0.3557,SPY
10/27/2016,184.3915286,77220200,29586702009,25.5951,1.4611,-32.4362,185.2825,-0.3375,-0.0094,-0.3281,13624337007,0.0751,44.4568,186.2179,52.6816,45.2337,31.9364,-24602073.82,-64.2988,49.8524,-0.9156,SPY
10/28/2016,183.8465758,140623200,29551228380,26.2953,1.4939,-139.3564,185.1458,-0.4105,-0.0659,-0.3446,13483713807,-0.2721,42.0128,186.077,45.9863,37.0482,25.1373,-42634410.41,-70.6405,46.7589,-0.2703,SPY
10/31/2016,183.8552344,61272500,29518008611,26.9454,1.4385,-112.6626,185.0229,-0.4623,-0.0941,-0.3681,13544986307,0.08,42.0673,185.9418,38.2789,32.5547,26.7068,-56705346.28,-67.3967,45.3668,-0.4578,SPY
11/1/2016,182.5231313,122781800,29497363117,28.5515,1.5452,-201.3946,184.7848,-0.6039,-0.1886,-0.4153,13422204507,-1.2634,36.3996,185.812,32.8246,28.871,25.6143,-63875627.59,-75.3498,41.368,-0.5664,SPY
11/2/2016,181.424593,103330800,29450395265,30.1527,1.5504,-220.5628,184.4648,-0.7955,-0.3042,-0.4913,13318873707,-2.1187,32.5097,185.5415,27.7672,21.876,25.5985,-75946365.88,-91.6255,37.3495,-0.4866,SPY
11/3/2016,180.5941902,88939300,29393433376,31.863,1.5496,-196.0996,184.0961,-1.0029,-0.4092,-0.5936,13229934407,-2.3845,29.9078,185.1768,21.1034,12.5631,17.6609,-92104417.27,-95.3354,37.0733,-0.6798,SPY
11/4/2016,180.3952442,109122100,29308881624,33.4744,1.5322,-153.8844,183.7437,-1.1698,-0.4609,-0.7089,13120812307,-2.5376,29.3028,184.6909,13.2007,5.1629,16.9465,-117244230.7,-97.5505,33.6272,-0.2384,SPY
11/7/2016,184.3742252,109794900,29416783129,32.3292,1.7095,-34.4207,183.8037,-0.9698,-0.2087,-0.7611,13230607207,-0.8097,50.7597,180.2482,14.336,25.282,19.0861,-82537836.15,-31.2682,49.3995,0.9914,SPY
11/8/2016,185.2046289,102268300,29462568239,30.344,1.735,54.4327,183.9371,-0.7358,0.0202,-0.756,13332875507,-0.028,53.9041,180.2482,27.2312,51.2487,21.3533,-46268336.74,-17.4352,52.9959,0.5941,SPY
11/9/2016,187.1681768,258429000,29642817093,28.9622,1.9052,108.3028,184.2449,-0.3875,0.2948,-0.6823,13591304507,1.2351,60.3513,180.3952,52.5146,81.0132,36.4737,30127306.26,-8.2569,59.6047,0.8424,SPY
11/10/2016,187.6352694,172113300,29660083972,28.1669,1.96,144.8552,184.5678,-0.0729,0.4875,-0.5604,13763417807,1.7592,61.7228,180.839,73.0106,86.77,45.7637,64135230.48,-13.998,60.5,-0.123,SPY
11/11/2016,187.2027707,93847200,29715848111,27.4284,1.9189,112.2722,184.8187,0.1399,0.5603,-0.4204,13669570607,1.8255,59.6648,181.4789,84.6735,86.2373,40.9325,89960222.53,-19.0332,62.9389,0.2464,SPY
11/14/2016,187.3498185,94580000,29727440972,26.9788,1.8776,111.2519,185.0598,0.3168,0.5897,-0.2729,13764150607,1.9007,60.1513,182.0676,85.4077,83.2158,46.1544,96035427.78,-17.3213,65.3078,-0.2839,SPY
11/15/2016,188.811667,91652600,29819093572,26.963,1.8479,124.6158,185.4171,0.5683,0.673,-0.1047,13855803207,3.4453,64.7085,182.6092,85.7447,87.7811,51.3999,118952436.5,-0.3021,70.1117,0.8378,SPY
11/16/2016,188.4570145,65617700,29835497337,26.9483,1.769,103.9693,185.7066,0.7307,0.6683,0.0624,13790185507,3.8762,62.8311,183.1075,87.8818,92.6485,55.8703,122733098.1,-4.4311,66.7898,0.4306,SPY
11/17/2016,189.4258204,69797200,29896723808,27.3011,1.7162,103.7732,186.0608,0.9268,0.6915,0.2353,13859982707,4.8903,65.754,183.5659,92.8778,98.2038,62.9673,132603327.9,-0.6554,68.7139,0.8246,SPY
11/18/2016,189.0019673,86265800,29847429882,27.7111,1.6542,89.5373,186.3409,1.0361,0.6407,0.3954,13773716907,4.771,63.4048,184.1579,95.6,95.9476,67.4859,108901870.4,-7.0707,63.5636,-0.5816,SPY
11/21/2016,190.4292081,72402600,29916151095,28.442,1.6398,100.5333,186.7303,1.2238,0.6627,0.5611,13846119507,3.2841,67.6022,184.8191,97.1638,97.3399,74.4367,111171490,-0.2542,70.2442,0.8305,SPY
11/22/2016,190.801164,67429000,29956864014,29.3432,1.5882,104.8202,187.118,1.3865,0.6604,0.7262,13913548507,3.0218,68.6126,185.6082,96.7606,96.9943,80.6843,114947582.1,-1.6921,72.0565,0.066,SPY
11/23/2016,190.9049594,56620200,30006757252,30.18,1.5371,101.648,187.4787,1.5066,0.6243,0.8823,13970168707,1.9965,68.904,186.4681,97.8146,99.1095,86.2455,121917688.1,-0.7252,76.9128,0.7129,SPY
11/25/2016,191.6142634,37872300,30039121710,31.2556,1.4805,121.3986,187.8725,1.64,0.6062,1.0338,14008041007,2.1206,70.893,187.1905,98.3985,99.0918,93.2118,123983451.1,-0.3074,76.9051,0.7636,SPY
11/28/2016,190.714659,76572500,29978956993,31.6482,1.4464,94.383,188.1432,1.6541,0.4962,1.1579,13931468507,1.876,65.1972,187.993,97.9842,95.7512,87.2852,94413993.91,-11.7137,70.5631,-0.6072,SPY
11/29/2016,191.0866149,69886700,29990513465,31.8363,1.4216,87.7648,188.4235,1.6759,0.4145,1.2615,14001355207,1.9946,66.3992,188.651,96.162,93.643,86.9996,77411366.81,-7.0498,67.1976,0.3071,SPY
11/30/2016,190.6281671,113291800,29887726528,32.1867,1.4133,75.7665,188.6335,1.6374,0.3007,1.3367,13888063407,0.9621,63.4886,189.1906,91.9557,86.4728,75.6476,30713415.23,-21.8182,61.2829,-0.8278,SPY
12/1/2016,189.9275208,79040500,29850708807,31.4414,1.41,25.4499,188.7567,1.5326,0.1568,1.3759,13809022907,0.7803,59.2163,191.8738,86.3182,78.8389,66.2081,-2960786.621,-34.6154,52.5873,-0.7342,SPY
12/2/2016,190.0226584,74840300,29839368745,30.7493,1.3704,11.6189,188.8773,1.4407,0.0519,1.3888,13883863207,0.3151,59.6137,191.8738,78.2688,69.4948,67.3056,-20075635.75,-35.0822,49.2944,0.0101,SPY
12/5/2016,191.1644612,67837800,29851829354,30.7322,1.3788,77.2916,189.0951,1.4433,0.0436,1.3997,13951701007,1.1442,64.1311,191.8276,73.2187,71.3226,66.5118,-21287368.01,-16.3348,50.5073,0.3572,SPY
12/6/2016,191.7699569,59877400,29907270508,30.8872,1.3471,96.942,189.3499,1.4772,0.062,1.4152,14011578407,0.7041,66.2848,189.5642,74.2564,81.9519,65.4886,-2207494.179,-2.7275,50.9495,0.4444,SPY
12/7/2016,194.2784576,110738100,30013296877,32.1913,1.4541,232.1162,189.8193,1.6871,0.2175,1.4696,14122316507,1.8225,73.4085,189.609,82.1916,93.3003,67.0591,39534252.89,-1.0369,64.2272,0.9362,SPY
12/8/2016,194.7541959,99714400,30036840245,33.7071,1.4392,254.6967,190.2893,1.8702,0.3205,1.5497,14222030907,2.0163,74.5085,189.7982,90.5077,96.271,68.0562,60507470.82,-7.4224,64.0142,0.4028,SPY
12/9/2016,195.9305935,88005800,30121810765,35.3406,1.4217,211.5765,190.8265,2.0862,0.4292,1.657,14310036707,2.2526,77.0381,190.1241,95.5543,97.0917,68.1952,90622819.23,-0.2657,72.3446,0.9483,SPY
12/12/2016,195.7056984,102016100,30103107831,36.9706,1.3943,154.2167,191.2912,2.2137,0.4454,1.7684,14208020607,2.617,75.4957,190.59,95.9232,94.407,69.1256,88753362.62,-9.091,73.1244,-0.125,SPY
12/13/2016,197.0118404,110477500,30117947642,38.819,1.4238,149.139,191.836,2.3926,0.4994,1.8932,14318498107,3.1008,78.2227,191.163,95.4253,94.7774,70.3692,84641855.4,-6.3112,74.4065,0.5522,SPY
12/14/2016,195.3856537,142501800,30026269141,39.0846,1.4988,94.1164,192.1741,2.3758,0.386,1.9897,14175996307,2.4957,68.0664,191.9251,91.7092,85.9432,60.7803,46094728.91,-26.7681,64.7547,-0.535,SPY
12/15/2016,196.1900953,124972600,30021061881,39.3312,1.511,87.0691,192.5566,2.3997,0.328,2.0717,14300968907,3.2973,70.1323,192.5957,88.0482,83.4241,63.4311,24478164.71,-16.6485,61.5149,0.3385,SPY
12/16/2016,195.8085665,156420200,29946733210,39.5602,1.4907,70.2938,192.8663,2.3606,0.2311,2.1295,14144548707,3.0449,67.8891,193.1858,82.5819,78.3785,59.6852,-10240294.68,-21.448,53.2805,-0.6879,SPY
12/19/2016,196.2349235,90341100,29942888147,39.7729,1.4451,67.7026,193.1871,2.3371,0.1661,2.171,14234889807,2.6524,69.0793,193.7052,81.2474,81.9396,60.325,-24735793.99,-16.0846,52.2336,0.2979,SPY
12/20/2016,196.9919111,89838800,29988455296,40.1914,1.4066,77.9309,193.5495,2.3525,0.1452,2.2073,14324728607,2.723,71.1258,194.1622,81.8733,85.3018,67.7056,-13918424.15,-6.5619,51.6694,0.3623,SPY
12/21/2016,196.4437532,67909000,29920546296,40.4608,1.3483,65.6673,193.8251,2.294,0.0693,2.2247,14256819607,1.1145,67.635,194.5643,85.0508,87.911,68.1252,-29835234.29,-13.6206,50.4064,-0.7059,SPY
12/22/2016,196.1044129,56219100,29927402705,39.8149,1.3049,39.506,194.0422,2.1949,-0.0238,2.2187,14200600507,0.6933,65.4921,194.9182,86.543,86.4162,68.9418,-31452777.85,-20.5689,47.4557,-0.2683,SPY
12/23/2016,196.3915495,36251400,29962233318,39.2151,1.2434,43.4345,194.2659,2.1152,-0.0828,2.198,14236851907,0.2353,66.4604,195.2297,85.767,82.9737,68.2463,-18172689.09,-16.8894,54.1146,0.5491,SPY
12/27/2016,196.878806,42672500,29951127417,39.1834,1.2179,100.0162,194.5148,2.0675,-0.1044,2.1719,14279524407,0.5994,68.0965,195.5037,84.4632,83.9996,67.8697,-14621558.47,-10.5431,53.8908,0.3425,SPY
12/28/2016,195.2516998,64095000,29894214950,37.5174,1.2751,-43.919,194.585,1.8768,-0.2361,2.1129,14215429407,-0.8934,57.9337,197.5135,78.822,69.4927,61.6929,-29948102.99,-64.0895,44.4292,-0.9354,SPY
12/29/2016,195.208205,48696100,29892824425,35.6201,1.2493,-158.3885,194.6443,1.7025,-0.3283,2.0308,14166733307,-0.0908,57.6858,197.466,66.8874,47.1698,56.1377,-33937937.9,-83.8579,43.8742,-0.1238,SPY
12/30/2016,194.4947122,108998300,29866872523,33.1276,1.2906,-206.5293,194.6301,1.4896,-0.4329,1.9226,14057735007,-0.8642,53.6326,197.358,46.7531,23.5968,48.143,-40742299.39,-81.2624,39.2585,-0.5714,SPY
1/3/2017,195.9825981,91366500,29902950773,31.3763,1.3414,-49.5808,194.7589,1.4246,-0.3984,1.823,14149101507,0.0889,59.952,197.1444,33.9965,31.223,47.6948,-28342613.26,-41.2107,46.6713,0.1026,SPY
1/4/2017,197.148537,78744400,29958210257,30.299,1.3394,113.407,194.9865,1.4504,-0.2981,1.7485,14227845907,0.4656,64.083,193.7986,37.1701,56.6907,46.3033,-3110850.168,-7.455,49.9294,0.8421,SPY
1/5/2017,196.9919111,78379000,30010936948,29.1937,1.3121,80.8984,195.1775,1.4416,-0.2455,1.6871,14149466907,0,63.1408,193.8686,56.2632,80.8759,48.9027,24270713.63,-8.7066,52.3016,0.1182,SPY
1/6/2017,197.6967079,71559900,30040722015,28.8312,1.3333,139.2473,195.4174,1.4745,-0.1701,1.6446,14221026807,0.6378,65.5924,193.9371,76.1979,91.0272,46.4007,42742900.98,-10.7568,54.4003,0.3676,SPY
1/9/2017,197.0441287,46939700,29999560729,28.4945,1.2872,91.2607,195.5723,1.4314,-0.1705,1.6019,14174087107,0.4792,61.5127,194.1063,85.6165,84.9465,51.6057,33317213.72,-25.6971,58.4503,-0.6923,SPY
1/10/2017,197.0441287,63771900,29975647274,27.8055,1.2848,77.6956,195.7125,1.3813,-0.1765,1.5578,14174087107,0.3323,61.5127,194.2687,85.0856,79.283,43.4878,18823586.54,-25.6971,56.3267,-0.0139,SPY
1/11/2017,197.6009955,74650000,30050297274,26.7858,1.2868,70.2866,195.8923,1.3708,-0.1496,1.5204,14248737107,0.3668,63.7444,194.4246,80.9274,78.5526,34.5115,34935413.02,-12.9481,63.1783,0.4901,SPY
1/12/2017,197.1050292,72113200,30104684175,25.2924,1.3279,26.1516,196.0078,1.3073,-0.1705,1.4778,14176623907,0.9492,60.386,194.5743,78.951,79.0174,34.355,55655590.97,-24.3028,64.3892,0.0168,SPY
1/13/2017,197.5574876,62717900,30105568419,24.3741,1.2871,93.6722,196.1554,1.2788,-0.1592,1.438,14239341807,1.2035,62.3355,194.718,80.1683,82.935,40.8033,59353778.59,-13.9442,62.287,0.4507,SPY
1/17/2017,196.8614004,61240800,30100569024,22.7731,1.2729,27.8163,196.2227,1.1864,-0.2013,1.3877,14178101007,1.2168,57.636,194.8559,79.7477,77.2909,35.9925,53880159.09,-29.8805,58.1499,-0.0612,SPY
1/18/2017,197.2964533,54793300,30149273875,21.3022,1.2379,43.7083,196.3249,1.1351,-0.202,1.3371,14232894307,0.6704,59.6819,194.9884,79.6592,78.7517,36.7898,62239752.92,-19.9203,59.273,0.2333,SPY
1/19/2017,196.565568,66608800,30124557508,20.0338,1.2483,7.6389,196.3478,1.0237,-0.2507,1.2745,14166285507,-0.2957,54.8863,195.1155,75.7415,71.182,36.6846,52137128.63,-36.6533,59.6172,-0.5849,SPY
1/20/2017,197.2877566,129168600,30143837507,18.6216,1.2461,57.4847,196.4374,0.9824,-0.2336,1.216,14295454107,0.1502,58.4399,195.2375,74.7898,74.4357,46.0833,49399043.06,-20.1194,62.1401,0.0299,SPY
1/23/2017,196.7743847,75061600,30154559952,17.8605,1.2528,-52.2432,196.4695,0.8979,-0.2545,1.1524,14220392507,-0.4665,55.1163,195.3547,70.9707,67.2945,47.5528,47199782.12,-41.3439,58.7129,-0.3831,SPY
1/24/2017,198.0360483,95555300,30199434354,17.0816,1.2833,168.1867,196.6187,0.9221,-0.1843,1.1063,14315947807,0.5034,60.9883,195.4672,72.0381,74.3841,47.8144,56287414.09,-15.3845,58.8884,0.663,SPY
1/25/2017,199.7501572,84437700,30283872054,17.3463,1.3141,321.9679,196.9169,1.0672,-0.0313,1.0985,14400385507,1.3733,67.2559,195.6464,74.2564,81.0905,48.1547,81754584.97,0,63.9448,0.8208,SPY
1/26/2017,199.5413275,59970700,30278731968,17.676,1.2637,219.2759,197.1668,1.1522,0.0429,1.1093,14340414807,0.9819,65.8675,195.9747,82.5599,92.2051,54.931,83105256.07,-8.0001,65.1358,-0.1,SPY
1/27/2017,199.2280886,59711100,30249236950,17.7407,1.225,142.3455,197.3632,1.1806,0.0571,1.1235,14280703707,1.0771,63.7419,196.3644,88.4786,92.1403,48.4429,66718001.71,-15.5791,61.0195,-0.5422,SPY
1/30/2017,197.9925404,79737300,30271064787,17.0017,1.2966,15.5913,197.4231,1.0908,-0.0261,1.117,14200966407,0.2202,56.0575,196.7152,87.1093,76.9824,46.9059,60894072.95,-45.4738,61.2923,-0.3464,SPY
1/31/2017,197.9751348,75880800,30338645288,16.3747,1.2836,-4.0225,197.4757,1.0067,-0.0882,1.0949,14125085607,0.5657,55.9551,199.872,77.8245,64.3508,46.3595,74478618.53,-45.8949,65.0937,0.4297,SPY
2/1/2017,198.0534408,79117700,30324739319,15.359,1.2944,31.568,197.5307,0.9356,-0.1275,1.0631,14204203307,0.3837,56.3413,199.813,65.4034,54.877,53.6532,68840522.52,-44.0003,62.1889,0.0545,SPY
2/2/2017,198.1839645,69657600,30358479473,14.3256,1.2815,13.4268,197.5929,0.8796,-0.1468,1.0264,14273860907,0.8233,57.0177,199.7552,58.2327,55.4704,53.7544,71011303.01,-43.6937,61.7957,0.1172,SPY
